,SMILES,y
924,O=C1OC(C(=O)N(C)C(C(=O)OC(C(=O)N(C)C(C(=O)OC(C(=O)N(C)C1C(C)C)C(C)C)C(C)CC)C(C)C)C(C)C)C(C)C,0.0
274,NC(CC(=O)CO)C(=O)O,1.0
298,NC(C(=O)O)C1ON=C(Cl)C1O,1.0
862,O=C1OC(=C)C(O)C1=CCCCCCCCCCCCCC,0.0
591,O=C(OC=1C=2C(=CC=C3C=C4C=CC=CC4=CC32)NC1CO)C5OC6(O)C(O)(CCC7(CO)CC(O)CC67O)C5O,0.0
41,CC(=O)C1C(C)=CC(=O)c2c1c(-c1c3c(c(O)c4c(O)cccc14)C(=O)CC(C)(O)C3C(C)=O)c1cccc(O)c1c2O,1.0
577,O=C1C=C(OC(C1)CCCCCCCCCCCCCC=CCCCCCCCC)C,0.0
623,O=C1OC=2C=C3C(C(=O)OC3)=C(O)C2OC4=CC(O)=CC(=C14)C,0.0
566,O=C1OC(C)CC2=CC(OC)=C3C(OC(C3)C(O)(C)C)=C12,0.0
540,O=C1C(O)=C(OC=2C1=C(O)C=C(OC3CC(CO)C(O)C(O)C3O)C2CC=C(C)C)C=4C=CC(O)=CC4,0.0
771,O=C1C2=C(CC3(OC2)OC(C)CCC3)C(O)C1(O)C,0.0
632,O=C(O)CC1=CC(OCCCC)=CC=C1O,0.0
254,C/C=C(\C)C(=O)Nc1ccn(C2CC(O)C(OC3OC(C)C(N(C)C)C(O)C3O)C(C)O2)c(=O)n1,1.0
957,O=C1OC=2C(=C3OC(C4=CC=C(O)C=C4)C5C=6C=C(O)C=C(O)C6C(C7=CC=C(O)C=C7)C8C(C2C(C=9C=C(O)C=C%10OC(C%11=CC=C(O)C=C%11)C(C=%12C=C(O)C=C(O)C%12)C%109)C8C%13=CC=C(O)C=C%13)=C35)C(C%14=CC=C(O)C=C%14)C1,0.0
175,Cc1c(/C(O)=N/C(/C(O)=N/C(C)C(O)C/C(O)=N/C(/C(O)=N/C(OC2OC(C)C(N)C(O)C2O)C(O)c2nc(-c3nc(/C(O)=N/CCCNCCCCN)cs3)cs2)C(C)O)C(OC2OC(CO)C(O)C(O)C2OC2OC(CO)C(O)C(OC(=N)O)C2O)c2cnc[nH]2)nc(C(CC(=N)O)NCC(N)C(=N)O)[nH]c1=N,1.0
66,N=C(N)N(O)CCCCC/C=C/C=C/C(=O)CCC/C=C/C=C/CCCCC(O)CC(O)CC(O)C(O)/C(O)=N/CC(=O)O,1.0
820,OC1OC(CC1C(O)(C)C)C(C)C2CCC3C4CC=C5CC(O)CCC5(C)C4CCC23C,0.0
161,COc1cc2c(oc(=O)c3cc(C)cc(OC)c32)c2c(C3OC(C(C)O)C(O)C3O)ccc(O)c12,1.0
587,O=C(O)C12CCC(C)(C)CC2C3=CCC4C5(C)CCC(O)C(O)(C)C5CCC4(C)C3(C)CC1O,0.0
819,O=C1C2C(O)C(CC=3C=CNC3)CC4=CC=C(O)C(OC)=C4CC5=C(C=CC6=CC=CC(=C65)C(SSCC2CC(O)C1(C=7C=C(O)C=8C=CC9%10C=CCNC%10(C8C7)CCCC9CC=%11C=CC=CC%11)C%12C%13=CC=C(O)C(OC%14CCCCC%14CSSC%12)=C%13)CO)CC,0.0
53,C/C=C(\C)C(=O)C(C)/C=C(\C)C1OC(O)(C(C)(O)C(=O)NC2C(=O)N3CCCCC3C(=O)N(O)C(C)C(=O)N(C)C(CC(C)C)C(=O)N3CCCCC3C(=O)NC(C(C)O)C(=O)OC2C(C)C)CCC1C,1.0
281,CCC1OC(=O)C(C)C(OC2CC(C)(OC)C(O)C(C)O2)C(C)C(OC2OC(C)CC(N(C)C)C2O)C(C)(O)CC(C)C2=C(C)C(=O)C1(C)O2,1.0
219,NC(=O)OCC1c2c(O)cc(C=O)cc2N2CC3NC3C1(O)O2,1.0
666,O=C1C=C(OC2=C(OC)C(OC)=CC(O)=C12)C=3C=CC(OC)=C(OC)C3OC,0.0
287,Cc1cc(Cl)c(O)c2c(=O)c3cc(Cl)n(C4C=C(CO)C(O)C(O)C4O)c3oc12,1.0
267,NCC1OC(OC2C(N)CC(N)C(O)C2OC2OC(CO)C(O)C2O)C(N)C(O)C1O,1.0
155,CCC(C(=O)C(C)C(O)C(C)C1OC(O)(CC(=O)O)C(C)CC1C)C1OC(C)(C2(O)OC(CC)(C(C)O)CC2C)CC1C,1.0
352,COC1CCC(OC2CC(C(C)/C=C(\C)C(=O)C(C)CC(C)C(=O)O)OC3(CCC(C)(C4CCC(C)C5(OC(C6OC(O)(CO)C(C)C(OC7CCC(OC)C(C)O7)C6C)CC5C)O4)O3)C2C)OC1C,1.0
597,O=C1C=C2C(CCC3(C)C4CC(CSSCC(N5C=NC=C5)CC(C6=C7CCCCC7C8=C9C6C(O)C4CC9CCC8)(C)C)C23O)C%10(CCCC(C)C)CC(O)C(O)CC1%10,0.0
713,OC1C2=COC=C2CC(O)(C)C3CC(C)(C)CC13,0.0
209,CC/C(O)=N/C1C(CO)OC(OC(C(O)CN)C(N)C(O)CO)C(O)C1O,1.0
633,O=C(OCC)CC=1C=C(O)C=C(O)C1C(=O)C2OC2C=CCCC,0.0
268,CCC(C)/C=C(C)/C=C/C1=CC2=C(Cl)C(=O)C(C)(O)C(CC(=O)CC(C)O)C2=CO1,1.0
405,CCC(C)CC1CCC(O)(C(C)(O)C(=O)NC2C(=O)N3NCCCC3C(=O)N(O)C(C)C(=O)NCC(=O)N3NCCCC3C(=O)N(O)C(C)C(=O)OC2C(C)C)OC1C,1.0
990,O=C1C=C(Br)C(C)(C)C2(C1=C)CCC(Cl)(C)C(Br)C2,0.0
571,O=C1C=2C=3OC(=C1CC4=CC=C(C=C4)NO)C(O)CC(N=C(N)N)(CO)CSSCC3C=5OC(CC5C2OC6CCCC6)C(O)(C)C,0.0
37,NC1CC(N)C(O)C(OC2OC(CO)C(O)C3OC4(OC(C(N)CO)C(O)C(O)C4O)OC23)C1O,1.0
847,O=C1C(NCC(O)C)=C2C(CCC3(C)C(CCC23O)C(O)(C)C4(O)CCCCC5C(COC54)CCCCCC)C6(C)CC(O)C(O)CC16,0.0
465,CC1CC(C)/C(=C/C(=O)CC2CC(=O)NC(=O)C2)NC1=O,1.0
750,O=C1OC(C2=CC(O)=C(OC)C(O)=C12)CCC(=O)CCC,0.0
475,CC1CCC2C(C)(C)C(O)C(O)CC2(C)C12Cc1c(O)cc(CO)c(C=O)c1O2,1.0
389,CC(N)C(=O)NC(CC1CCC(=O)C2OC12)C(=O)O,1.0
756,O=C1OC2=CC3(C)C(CC2=C1CO)C(CO)C4CC43,0.0
35,CC(=O)OC1C=COC=C2CC34SSC5(CC6=COC=CC(O)C6N5C3=O)C(=O)N4C21,1.0
552,O=C1C=C(OC2=C(OC)C(OC)=C(OC)C(O)=C12)C=3C=C(O)C(OC)=C(OC)C3,0.0
221,CNC(=O)CC1NC(=O)c2csc(n2)-c2ccc(-c3nc(C4=NC(C(=O)N5CCCC5C(N)=O)CO4)cs3)nc2-c2csc(n2)-c2csc(n2)C(C(C)C)NC(=O)CNC(=O)c2csc(n2)C(C(C)C)NC(=O)c2nc1sc2C,1.0
826,O=C1C(=COC=2C=C3OCOC3=C(OC)C12)C=4C=CC(O)=CC4,0.0
667,O=C1OC(CC(=O)CC2C=3C=C(OC)C(O)=CC3C(C=4NC=5C=CC=CC5C4CC#CC1)=C6C=CC7CCC2C6C7)C(O)CC8=CC=C(O)C(OCCO)=C8,0.0
134,COc1cc(C)cc(C(=O)O)c1C1=CC(=O)c2c(O)cccc2C1=O,1.0
887,O=C1C=2C=CC=CC2OC1(O)CC3=CC=C(Cl)C=C3,0.0
204,CCC(C(=O)C(C)C(O)C(C)C1OC(C)(O)C(CC)C(O)C1C)C1OC(C)(C2(O)OC(CC)(C(O)CC)CC2C)CC1C,1.0
964,O=C1C=C(OC=2C=C(O)C=C(OC(=O)C)C12)C=3C=CC(OC(=O)C)=C(OC(=O)C)C3,0.0
32,CCC(C(=O)C(C)C(O)C(C)C1OC(O)(C(C)C(=O)O)C(C)CC1C)C1OC(C)(C2(O)OC(CC)(C(C)O)CC2C)CC1C,1.0
432,CC1OC(OC23C(=O)CC(C)(O)CC2(O)C=CC2=C3C(=O)c3ccc(C4CC(OC5CCC(OC6CC(O)C(O)C(C)O6)C(C)O5)C(O)C(C)O4)c(O)c3C2=O)CCC1O,1.0
382,C/C1=C/C=C\C(C)C(C(C)CCC/C=C/CCCNC(=N)N)OC(=O)/C=C\C=C/C(C)C(O)CC(O)C(C)C(O)CCC(C)C(O)CC2(O)OC(CC(OC(=O)CC(=O)O)CC(O)CC(O)CC1O)CC(O)C2O,1.0
776,O=C1NC=CC=2C=C(OC3CCN(C(=O)C(NC(=O)C(N(C)C)C(C)(C)C)C(C)CC)C3C(=O)NC1C(C)CC)C=CC2OC,0.0
367,CC(C)=CC(C)CC(C)/C=C/C(=O)NC1=CC(O)(CCCCC(=O)O)C2OC2C1=O,1.0
94,CCC(O)CC1CCCC2(CC3OC(=O)/C=C\C(C)(O)C(O)C(C)C(O)C(OC4CCC(N(C)C)C(C)O4)C(O)C(C)(O)CCCCC/C=C/C4CC(C)(C)OC4(O)CC(O2)C3C)O1,1.0
1018,O=C(O)C12C(=CCC3C4(C)CCC(O)C(C)(C)C4CCC31C)C5C(C)C(C)CCC5(C(=O)O)CC2,0.0
217,COc1cc(C)c(Oc2cc(C)cc(O)c2O)c(O)c1,1.0
601,OC1=CC=CC(=C1)C2=CC=C(O)C=C2CC3=CC(OC)=CC4=C3OCC(C4O)C5COC6=C7C=CC(O)=CC7=C(OC)C=C6C5O,0.0
705,O=CCC(CC1NC(C)C(O)CC1)C2CC=3C=CC=C(C3)CC4NCCC(NCC(O)(CC(=O)O)CCCCCC2)(C)C4,0.0
351,CCOC(=O)C1OC(C2(C)OC3(OC4(C=CC3O)OC(C(C)C(=O)C(C)C(O)C(C)CC(C)c3c(Cl)cc(C)c(O)c3C(=O)O)C(C)CC4C)C(C)C2OC)CC1O,1.0
424,CCC(C)C1/N=C(/O)C2CCCN2C(=O)C(C(O)c2ccccc2)N(C)C(=O)C(Cc2ccccc2)/N=C(/O)C(C(C)C)N(C)C(=O)C(C(C)CC)OC(=O)C(C(C)(C)O)N(C)C(=O)C(CC(C)C)/N=C(/O)C(C(C)C)N(C)C1=O,1.0
463,COC1=C2CC(C)CC(OC)C(O)C(C)/C=C(/C)C(OC(N)=O)C(OC)/C=C\C=C(\C)C(=O)NC(=CC1=O)C2=O,1.0
682,O=C(O)C1=CC(O)=C(O)C(O)=C1,0.0
814,O=C1OC(O)C(OC)=C1C(=O)CC2(C)C(C)CCC3(C(=C)CCCC32)C,0.0
123,CC(=O)C(=O)NC1/C=C(C)\C=C/C(O)C/C=C(C)\C=C/C(O)CC2OC(=O)C1(C)C(=O)C2C,1.0
679,O=C(OC1CC(O)(C=CC=C(CO)C2CC(C)(C)C12O)C)C,0.0
26,C/C=C/C(C)=C/C(C)C(=O)CC(O)CC1CC(=O)NC(=O)C1,1.0
545,O=C(OCC(OC(=O)CCCCCCCCCCCCCCC)COP(=O)(O)OC1C(O)C(O)C(O)C(O)C1O)CCCCCCCCC(C)CCCCCCCC,0.0
60,CCC(/C=C/C1OC(=O)C=CC1C)=C\C(C)C/C=C/C(C)=C/C(C)C(=O)C(C)C(O)C(C)C/C(C)=C/C(=O)O,1.0
1011,O=C(O)C1=CC=CC(O)C1N,0.0
663,O=C1OC2C=C1CCC(C(=C)C)C(OC(=O)C)C(=O)C(=CC(=O)C3CC23C)C,0.0
54,CN1CN(C2CC(O)C(CO)O2)C(=O)N=C1O,1.0
289,CCC(C)C(=O)OC(C)C1(O)C(C)OC(OC2C(O)C(C3(O)CC(=O)C(N)=C(C(=O)O)C3=O)OC(COC(C)=O)C2OC(=O)C(NC(=S)SCC(NC(C)=O)C(=O)O)C(C)SCC(NC(C)=O)C(=O)O)CC1OC,1.0
329,COC1C(O)CC(OC2CC(C3(C)CCC4(CC(O)C(C)C(C(C)/C=C(\C)C(=O)C(C)CC(C)C(=O)O)O4)O3)OC3(OC(C4OC(O)(CO)C(C)CC4C)CC3C)C2C)OC1C,1.0
893,O=C1OC2=C(O)C(OC)=C3C(=C2C=C1)C4(O)CC(=CC3C56C=CC(=O)OC46C(=O)C(=C5)CC=C(C)C)C,0.0
1006,O=C1OC2C=3C=C(C=C(O)C3C=4C(=O)C=5C=CC=C(O)C5C(=O)C4N2C1CCC=6C=CC=CC6)C,0.0
717,OCC(=C)C12OC1C3(C)C(C)CCCC3CC2O,0.0
213,CCCC1OC1C(=O)NC(CO)C(=O)NC1C(=O)NC(Cc2c[nH]c3ccccc23)C(=O)NC(CC(=O)O)C(=O)NC(CC(=O)O)C(=O)NC(c2ccc(O)cc2)C(=O)NC(CC(=O)O)C(=O)NCC(=O)NC(C(O)C(N)=O)C(=O)NC(C(C)CC(=O)O)C(=O)NC(Cc2c[nH]c3ccccc23)C(=O)OC1C,1.0
11,CC1OC(OC2CC(c3ccc4c(c3O)C(=O)C3=C(C4=O)C4(O)C(=O)CC(C)(O)CC4(O)C=C3)OC(C)C2O)CCC1OC1CC(O)C(O)C(C)O1,1.0
1031,OC=1C=C2OC(CC=3C=CC=CC3)C4C5=CC=C(OC)C(OC)=C5OC4C2=C(C1)CN6C=C7C=CNC7=C6,0.0
809,C=1C=CC=2C=C3C=CC=CC3=CC2C1,0.0
476,N=C(N)NCCCCC(O)C/C(O)=N/C(O)/C(O)=N/CCCCNCCCN,1.0
469,COC1CC(N)C(OC2OC(C(C)N)CCC2N)C(O)C1N(C)C(=O)CNC(=N)O,1.0
937,O=C1OC2C(O)C(OC(C)C2O)OC3C(OC(CCCCC)CCCCCCCCC1)OC(C)C(O)C3O,0.0
946,O=C1CC2NCC3CC(C4CCC5(C#CC(C6=CC(O)=C(OC)C=C6CCC5=O)CC(O)C(O)CC(C=7C=CN=C(N)C7)C=8C=CC=9C=CC=CC9C8)C(O)C4)C(CNCC)C%10C=%11NC=C%12C=CC1C(C%12%11)C2C%103,0.0
832,OC=1C=C(O)C=2C=C(O)C(=[O+]C2C1)C=3C=C(O)C(O)=C(O)C3,0.0
835,O=C1C2=C(O)C=C(O)C(=C2OC(C3=CC=C(O)C=C3)C1O)CC=C(C)C,0.0
677,O=C(OC1OC=C(C)C2C1C(=C)CCC3C2C3(C)C)C,0.0
88,CNC1C(OC)CC(N)C(OC2OC(C(C)N)CCC2N)C1O,1.0
258,NCC1OC(OC2C(N)CC(N)C(OC3OCC(O)C(O)C3N)C2O)C(N)C(O)C1O,1.0
607,O=C1OC(=C)C=2OC3C(O)C4CCCCC4C(C(=O)C12)(C)C3C,0.0
108,CCC(C)C1/N=C(/O)C2CCCN2C(=O)C(Cc2ccccc2)N(C)C(=O)C(Cc2ccccc2)/N=C(/O)C(C(C)C)N(C)C(=O)C(C(C)CC)OC(=O)C(C(C)CO)N(C)C(=O)C(CC(C)C)/N=C(/O)C(C(C)C)N(C)C1=O,1.0
369,C/C=C/C=C/C=C/C(O)CC(OP(=O)(O)O)C(C)(O)/C=C/C1CC=CC(=O)O1,1.0
529,O=C(NC(C)CO)C(=CC=CC=CC=CC(=CC(C)C(O)C(=CCC)C)C)C,0.0
1014,OC=1C=C(C(=C2OC(C=CC=C(C)C)(C)CCC12)CC=C(C)C)C,0.0
883,O=C(OCC1=CC2C(C=3C=CC=CC3)C(C)CC2(OC(=O)C)C(=O)C(=CC4C(CC1)C4(C)C)C)C,0.0
236,C/C=C1\NC(=O)C(C)NC(=O)C(C(C)C)NC(=O)C(NC(=O)C(Cc2ccccc2)NC(=O)C(CC(C)C)NC(=O)C(Cc2ccccc2)NC(C)=O)C(C)OC1=O,1.0
288,CCCC1OC(=O)C(C)CC(C)CCCCC(=O)CCCC(CC)/C=C\C=C(\COC)CCC(O)C(O)CC(O)CNC1=O,1.0
438,COC1C(O)C(C)OC(OC2C(Oc3cccc4c(O)c5c(=O)oc6ccc(C)c7c(=O)oc(c34)c5c67)OC(C)C(O)C2O)C1O,1.0
310,CCC(C(=O)C(C)C(O)C(C)C1OC(O)(CC)C(C)CC1C)C1OC(C)(C23OC(C)C(CC)(CC2C)O3)CC1C,1.0
56,CCC/C(O)=N/C1C(CO)OC(OC(C(O)CN)C(N)C(O)CO)C(O)C1O,1.0
252,C=CC(C)(C)C12CC3C(=O)N4C(CC5(C(C)(C)C=C)c6ccccc6NC45)C(=O)N3C1Nc1ccccc12,1.0
560,O=C1OC(C)C(NC(=O)CNC(=O)CCCC(C)C)C(=O)NC(C(=O)NC(C(=O)NC(C(=O)NC(C(=O)NC1C(C)C)C(C)CC)C(O)C)CC2=CNC=3C=CC=CC32)CC4=CC=C(O)C=C4,0.0
25,CCC1OC(=O)/C=C\C(C)C(OC2OC(C)CC(N(C)C)C2O)C(C)CC(C)C(=O)/C=C/C=C\C1(O)COC1OC(C)C(O)C(OC)C1OC,1.0
798,O=C(OCC=CC1OC1(COC(=O)C=2C=CC=CC2)COC(=O)C)C=3C=CC=CC3,0.0
171,CNC1CC2OC(C)(C1OC)n1c3ccccc3c3c4c(c5c6ccccc6n2c5c31)C(=O)NC4,1.0
884,O=C(O)C=CC1=CC=C(O)C(O)=C1,0.0
481,CCC1OC(=O)/C=C\C(C)C(OC2OC(C)CC(N(C)C)C2O)C(C)CC(C)C(=O)/C=C/C2OC2C1COC1OC(C)C(O)C(OC)C1OC,1.0
31,C/C(O)=N/C=C/SC1=C(C(=O)O)N2C(=O)C(C(C)O)C2C1,1.0
668,OCC12CCC(O)CC2CCC3C4CCC(C=C)C4(C)CCC31,0.0
732,O=C1C=2C(O)=C(C(O)=C(C2OCC1C3=CC=C(O)C=C3O)CC=C(C)C)CC=C(C)C,0.0
842,O=C1OC(CC(=O)CC2C=3C=C(OC)C(O)=CC3C(=CC4CC5(CCCC5)C6CC(O)CCC6C42)C=7NC=8C=CC=CC8C7CC#CC1)CCC9=CC=C(O)C(OCCO)=C9,0.0
121,COC1CCC(OC2(C)C(CC3CC(OC)C(C)C4(O3)OC(C)(C3CCC(C5CCC(C6OC(C)(O)C(C)C(O)C6C)O5)O3)C(OC)C4C)OC(C(C)C(=O)OO)C(C)C2OC)OC1C,1.0
110,CCC1OC(=O)/C=C\C(C)C(OC2OC(C)CC(N(C)C)C2O)C(C)CC(C)C(=O)/C=C/C2OC2C1(O)COC1OC(C)C(O)C(OC)C1OC,1.0
40,NC(=O)/C=C/C(=O)NC(=O)Cc1ccccc1,1.0
151,C/C=C/C=C/C1OC(O)(C(C)C(O)C(C)C2OC(=O)/C(OC)=C\C(C)=C\C(C)C(O)C(C)C/C(C)=C/C=C\C2OC)CC(OC2CC(O)C(O)C(C)O2)C1C,1.0
394,Cc1cc(Cl)c(O)c2c(=O)c3c(Cl)c(Cl)n(C4C=C(CO)C(O)C(O)C4O)c3oc12,1.0
858,O=C1C=C2C(C(CN=C(N)NC(O)C)CC3(C)C4CC(C(SSCC(N5C=NC=C5)CC(C6=C7CCCC8(CCCC8)C7C9=C%10C6C(O)C4CC%10CCC9)(C)C)CCC=%11C=CC=CC%11)C23O)C%12(C)CC(O)C(O)CC1%12,0.0
942,O=CC1=C(OC=2C(=C(OC)C3=C(OC(C3)C(O)(C)C4CCCC4)C2CO)C1=C5CC(C(=O)C(CO)C5)C=6C=CC=7NC=CC7C6)C(=O)OCC,0.0
439,CC1OC2CC(=O)OC2C2=C1C(=O)c1c(ccc(C3CC(N(C)C)C(O)C(C)O3)c1O)C2=O,1.0
52,C/C=C(\C)C1OC2(CC3CC(C/C=C(\C)CC(C)/C=C/C=C4/COC5C(O)C(C)=CC(C(=O)O3)C45O)O2)C(O)CC1C,1.0
270,COC(=O)C1c2c(oc3cc(CO)cc(O)c3c2=O)C=CC1O,1.0
688,O=C(OC1C(OC(C)(C(O)C1C)C(OC(=O)C)C(C(=O)O)C)C)C=CC(O)CCCCCC,0.0
889,OC1=CC(=CC=C1OC)C2OCC3C(OCC23)C4=CC=C(OC)C(O)=C4,0.0
45,CCC1(O)CC(OC2CC(N(C)C)C(OC3CC4OC5CC(=O)C(C)OC5OC4C(C)O3)C(C)O2)c2c(cc3c(c2O)C(=O)c2c(O)cccc2C3=O)C1C(=O)OC,1.0
428,COC1CCC(OC2CC(C3CCC(C4OC(C)(O)C(C)CC4C)O3)OC2C2(C)CC(C)C3(OC(CC4OC(O)(C(O)C(=O)O)C(C)C(OC)C4C)CC(OC)C3C)O2)OC1C,1.0
429,CC(NC(=O)C(C)NC(=O)C(N)CCP(C)(=O)O)C(=O)O,1.0
838,O=C1OC(C)C(O)C(OC)C1,0.0
699,O=C1OC(C)CCC(=CCCCC(=O)NC(C(=O)N(C)C(C(=O)NC1C(=O)C=2C=CC=CC2)CC3=CC=C(O)C(Br)=C3)C)C,0.0
586,O=C(O)C1=CC2C(C(=CC23C1COC(=O)C3(O)CO)C)C,0.0
922,OC1C(=C)CC=CC(C)(C)CC=C(C)CC1,0.0
441,CCC1C(=O)N2C(C(=O)O)=C(SCCNC(=O)CCNC(=O)C(O)C(C)(C)CO)CC12,1.0
863,O=C1C=2C(OCC)=CC(O)=C(C2OC(C3=CC=C(O)C=C3O)C1O)CCC(C(=C)C)CC=C(C)C,0.0
634,O=C1OC(O)C(=C1C(O)CCCCC(=O)CC(C)C)C,0.0
59,CCC(=O)OC1CC(=O)N(C)c2cc(cc(OC)c2Cl)C/C(C)=C\C=C/C(OC)C2(O)CC(OC(=O)N2)C(C)C2OC12C,1.0
563,O=C1C=C(OC=2C(OC3C=4C(=O)C=C(OC4C(O)C(O)C3O)CCC=5C=CC=CC5)=CC=C(OC6C(O)C=7C(=O)C=C(OC7C(O)C6O)CCC=8C=CC=CC8)C12)CCC=9C=CC=CC9,0.0
376,CCC1(O)CC(OC2CC(N(C)C)C(OC3CC4OC5CC(=O)C(C)OC5OC4C(C)O3)C(C)O2)c2cc3c(c(O)c2C1OC1CC(N(C)C)C(OC2CC4OC5CC(=O)C(C)OC5OC4C(C)O2)C(C)O1)C(=O)c1cccc(O)c1C3=O,1.0
559,O=C1C=C(OC2=CC(O)=CC(OC)=C12)C=3C=CC(OC)=C(O)C3,0.0
531,O=C1C=C(OC2=CC(O)=C(O)C(O)=C12)C=3C=CC=CC3,0.0
617,O=C(CI)C(Br)(Br)CCCC,0.0
724,OC=1C=C2C(=CC1OC3CC(C=4C=CN=C(N)C4CSSCC(CO)C3O)CC5=CC=CN5)C6C(=CC7C#CC89CC(C=%10C=CC=CC%10)C%11C%12C=CC(C=%13C=CC=CC%13%12)C%14C(C=CC%15CCCCC%15%14)C%11(C=C(CCCOC)C8C(O)CCC(OCCO)C7C(O)C6)C9CO)C(C2)CC,0.0
42,CCC(C)C(NC(=O)C(C)(C)NC(=O)C(CCC(N)=O)NC(=O)C(C)(CC)NC(=O)C(Cc1c[nH]c2ccccc12)NC(C)=O)C(=O)NC(C(=O)NC(C)(C)C(=O)NC(CC(C)C)C(=O)NC(C)(C)C(=O)N1CCCC1C(=O)NC(CCC(N)=O)C(=O)NC(C)(C)C(=O)N1CC(O)CC1C(=O)NC(C)(CC)C(=O)C1CCC(C(=O)NC(Cc2ccccc2)C(=O)NCC(=O)O)N1)C(C)O,1.0
604,O=C(C=C(C1=CC(OC)=C(O)C=C1CC2=CN=C(N)C=C2CCC=3C=CC=C(C3)CCC=4C=CC=CC4)CO)CC(=O)CCCC(CCCO)CC5C6NCC=CC6CC7CNCCC75,0.0
430,CCC1(O)CC(OC2CC(N(C)C)C(OC3CC(O)C(O)C(C)O3)C(C)O2)c2c(cc3c(c2O)C(=O)c2c(O)ccc(O)c2C3=O)C1C(=O)OC,1.0
938,O=C(C1=CCC2C3CC=C4CC(O)CCC4(CO)C3CCC12C)C,0.0
800,O=C1OC=C(C)C2C1C(=C)CCC3C2C3(C)C,0.0
790,O=C(O)C1=C(O)C=C2C(=C1O)COC(C2)CCCCCCCO,0.0
519,C=C1CNC(=O)C(CC(=O)O)NC(=O)C(c2ccc(O)cc2)NC(=O)C(CC(=O)O)NC(=O)C(CC(=O)O)NC(=O)C(Cc2c[nH]c3ccccc23)NC(=O)C(NC(=O)C(CO)NC(=O)C2OC2CCC)C(C)OC(=O)/C(=C/c2c[nH]c3ccccc23)NC(=O)C(CCC(N)=O)NC(=O)C(C(C)O)N1,1.0
860,O=C1C=C(OC=2C1=CC=C(OC)C2C=CC(O)(C)C)C=3C=CC=CC3,0.0
398,COc1c(C)ccc2c1C(=O)c1c(O)c3c(c(O)c1C2=O)CC(C)(O)CC3OC1OC(C)C(OC)C(OC)C1O,1.0
768,O=C(OC1C(O)C(C2(OC(CC2)C(O)(C)C)C)C3(C)CCC45CC65CCC(O)C(C)(C)C6CCC4C13C)C,0.0
1030,O=C1C=CC2(CCC34C=CC5(CCCC(O)(CO)C3)CC(C=6C=CC=CC6CC54)CO)CC(O)C(CSSCC7=CC8=C(C#CCC=9NC=CC9C(=O)CC8C%10=CC(=CC=C%10O)CCOC%11=CC(=CC=C%11O)CC1)C=C7C(N)N)C2,0.0
988,O=C(OC1C2C(C3C1C3(C)C)C(O)(C)CCCC2(O)C)C,0.0
681,O=C(N)CC(O)C1NC(=O)C(NC(=O)C2N(C(=O)C(NC(=O)C(NC(=O)CCCCCCCCC(C)CC(C)CC)CC(O)C(O)NC(=O)C3N(C1=O)CC(C)C3O)C(O)C)CC(O)C2)C(O)C(O)C4=CC=C(O)C=C4,0.0
558,O=CC1=CC=C(OC)C=C1,0.0
782,O=C(OC=1C=C(C(C(=O)OC)=C(O)C1C)C)C2=C(O)C(C=CC(=O)C)=C(O)C=C2C,0.0
485,COc1cccc2c1C1COC3C4CC(C(=O)O)C(C(C2)N13)N4C,1.0
1023,OCC1C=C2CC(C)CCC2(C)C3CCC4(C)C(CC5OC6(OCC(C)CC6)C(C)C54)C13,0.0
238,CCC1OC(=O)/C=C\C(C)C(OC2OC(C)CC(N(C)C)C2O)C(C)CC(C)C(=O)/C=C/C=C\C1COC1OC(C)C(O)C(OC)C1OC,1.0
122,CCC1(O)CC(OC2CC(N(C)C)C(O)C(C)O2)c2cc3c(c(O)c2C1O)C(=O)c1c(O)ccc(O)c1C3=O,1.0
902,OC1=CC=C(C=C1OC)C2OCC3C(OCC23)C4=CC=C(OC)C(OC)=C4,0.0
958,O=C(OCC1C2=CC=C3C=4C(OC)=CC(O)=CC4CC56C3=C2OC1C7=C8C=CC9NC%10CCCC(CSSCC9OC8=C(O)C%11=C7C(C#CC=%12N=C(N)C=CC%12CC(CC5)C6)C#CCC(COC)C(CO)CNC%11)C%10)C,0.0
414,CCC(C)CC(C)CCCCCCCCC(=O)NC1CC(O)C(O)NC(=O)C2C(O)C(C)CN2C(=O)C(C(O)CC(N)=O)NC(=O)C(C(O)C(O)c2ccc(O)cc2)NC(=O)C2CC(O)CN2C(=O)C(C(C)O)NC1=O,1.0
680,O=C1C=2C=CC=C(O)C2C(=O)CC1,0.0
971,O=C(O)CCC1=CC2=NC1=CC3=C(C(=C4C=C5N=C(C=C6C(=C(C=C)C(=C2)N6[Fe+2](O)N43)C)C(C=C)=C5C)C)CCC(=O)O,0.0
0,Cc1cc2c(c3oc(C4(C5CO5)CO4)cc(=O)c13)C(=O)c1c(O)cccc1C2=O,1.0
984,O=C1C2=C(OC(C)C3CC(C)CC(C)C23)C=CN1OC,0.0
493,C/C(=C\C=C\C=C\C(O)c1cnco1)C(O)C(C)(C)C(N)=O,1.0
952,O=C(OC1C=C(C)CCC(O)C(=C)CC2OC(=O)C(=C)C12)C(=CC)C,0.0
613,O=C1C=2C(O)=CC(O)=CC2OC(C3=CC(OC)=C4OC(C)(C)C(O)CC4=C3)C1,0.0
413,CCC(C)/C=C(C)/C=C/C=C(\C)CC(C)CC(C)CC(/C=C(C)/C=C/C(O)C(C)(C)c1cc(O)c(C2OC(CO)CC(O)C2O)c(=O)o1)CO,1.0
337,NC(CCOc1ccc(C(O)/C(O)=N/C2(/N=C/O)CN(C(C(=O)O)c3ccc(OC4OC(C(=O)O)C(O)C(O)C4O)cc3)C2=O)cc1)C(=O)O,1.0
649,OC1C(=C)CC2OC(C3C2C(=C)CCC3C(C)C)C(O)(C)CC1,0.0
179,CC(CCC/C=C/C=C/CCCC(=O)/C=C/C=C/CCCCCN(O)C(=N)N)C(O)CC(O)CC(O)C(O)/C(O)=N/CC(=O)O,1.0
762,OC1C(=C)C2CC3OC(OC4CCC(C)(C)C5C(O)C6(O)OCC45C3C16C2)(C)C,0.0
965,O=C(NCCCCCN(O)C(=O)C)CCC(=O)N(O)CCCCCNC(=O)CCC(=O)N(O)CCCCCN,0.0
888,O=CC(=C1C2C=CC(CCO)C1C3(CCC(C(=CC=CC(=C)C4CC=C(C)C(O)NC(C)CC5=CC=CC(=C5)C4CCC=6C=CC=CC6)CO)C3O)C(O)(CCNC)C2)C,0.0
548,O=C(O)C1=COC(O)C2C(OC(=O)C=CC3=CC=C(OC)C=C3)CCC12O,0.0
92,COC1CCC(O)c2c1oc1c(O)c3c4c(c1c2=O)OCOC4Cc1cc2cc(C)n(N)c(=O)c2c(O)c1-3,1.0
1021,O=C1OC(C)CC2=CC(O)=C(C(O)=C12)C,0.0
614,O=C1C=CC2C1=CCC3C4(C)CCC5C(C)(CC)CCCC5(C)C4CC(O)C23C,0.0
435,Nc1ncnc2c1ccn2C1OC(CO)C(O)C1O,1.0
374,CCC(C)C1/N=C(/O)C2CCCN2C(=O)C(Cc2ccccc2)N(C)C(=O)C(Cc2ccccc2)/N=C(/O)C(C(C)C)N(C)C(=O)C(C(C)CC)OC(=O)C(C(O)c2ccccc2)N(C)C(=O)C(CC(C)C)/N=C(/O)C(C(C)C)N(C)C1=O,1.0
789,O=C(N)C=1C=CC(OC)=C(C1)C2=CC=C(O)C(=C2)C=3C=CC(O)=CC3,0.0
780,OC1CC=2C(OC)=CC(OC)=CC2OC1C3=CC=C4OCOC4=C3,0.0
977,C1=CC2C3(C)CCC(C(N(C)C)C)C3(C)CCC42CC54CCC(NC)C(C)(C)C15,0.0
710,O=C(OC1C(=O)C2C3CCC(C(C=CC(C)C(C)C)C)C3(C)CCC2C4(C)CCC(O)CC14O)CCCCCCCC=CCCCCCCCC,0.0
580,O=C1C=C(OC2=C1C(OCCCO)=C(OC)C(O)=C2CCC3=CC=CC4=C5C=CNC5=CC=C43)C=6C=CC(O)=CC6,0.0
855,O=C(O)CCCC=CCCC=CCCCCCCCCCCCCCC,0.0
486,CCC1CC2(C)C=C(C(=O)O)C(C)CC23NC(=O)C(C(=O)C2(C)C(C=CC4C(OC5CCC(OC6CC(C)(O)C(OC7CC(OC(=O)c8cc9c([nH]8)NC8C=CC=CC98)C(N)C(C)O7)C(C)O6)C(C)O5)CCCC42)CC1O)C3O,1.0
214,CCC1OC(=O)CC(O)C(C)C(OC2OC(C)CC(N(C)C)C2O)C(C/C=N/NC(C)=O)CC(C)C(=O)/C=C/C2(C)OC2C1C,1.0
722,CC1CCCC(C)C2CC(C)(C)C2CC1,0.0
850,O=C1OC2OC(CO)C(O)C(OC(=O)C3=CC(O)=C(O)C(O)=C3)C2OC(=O)C4=CC(O)=C(O)C(O)=C4OC5=CC(=CC(O)=C5O)C(=O)OC6OC(CO)C(O)C(OC(=O)C7=CC(O)=C(O)C(O)=C7)C6OC(=O)C8=CC(O)=C(O)C(O)=C8OC9=C(O)C=C1C=C9O,0.0
872,O=C1OC2=C(OC3=C1C(=CC(OC)=C3CO)C)C4=C(C(=O)OC4OC)C(O)=C2C,0.0
169,CC(N)C(=O)NC(CCCNC(=N)N)C(O)CC(=O)OCC1=C(C(=O)O)N2C(=O)C(NC=O)(NC(=O)CCCC(N)C(=O)O)C2SC1,1.0
658,O=C1C(O)=C(OC=2C=C(O)C=C(O)C12)C=3C=CC(O)=CC3,0.0
273,CC1=CC2C(O)C(O)CCC2C(C)(C(=O)C2=C(O)CNC2=O)C1CCC(C)C(O)/C(C)=C/CC(O)/C=C/C(C)C(O)/C=C/CC(O)/C(C)=C/CC(O)CC1CCCN1C(=N)N,1.0
600,O=C1C(=C(OC(=C1C)C(C(=O)C(C=2OC(=C(C(=O)C2C)C)CC(C)C)C)C)CC)C,0.0
512,C=C1OC(=O)C2=C1OC1C(O)C3(O)CCCCC3C(C)(C2=O)C1C,1.0
956,O=C1OC=2C(O)=C(OC)C=C3C(=O)OC4=C(O)C(O)=CC1=C4C23,0.0
98,CCC(C)/C=C(C)/C=C/C1=CC2=C(Cl)C(=O)C3(C)OC4(OC)CC(C)OC(=O)C4C3C2=CO1,1.0
864,O=C(OC)C1C2C(=CC)CN3C4OC5(N(C6=CC(OC)=C(OC)C=C6C15C4)C)C3C2,0.0
412,CC(N)C(=O)NC(C(=O)O)C(O)C1CN2C(=O)CC2O1,1.0
302,C=C1CCOC2(C(O)C(C)(O)CO)NC(=O)C1(O)NC2=O,1.0
345,CC12OC(CC1(O)C(=O)O)n1c3ccccc3c3c4c(c5c6ccccc6n2c5c31)CNC4=O,1.0
760,O=C1C=2OCC3(C2C(OCCC3)(C4=CC=C(C(C=C)=C14)C)C)C,0.0
701,O=C(OC1OC(=O)C(C)C2CCC(C)C3CCOC123)C,0.0
50,CCC(C)C1/N=C(/O)C2CCCN2C(=O)C(Cc2ccccc2)N(C)C(=O)C(Cc2ccccc2)/N=C(/O)C(C(C)C)N(C)C(=O)C(C(C)CC)OC(=O)C(Cc2ccccc2)N(C)C(=O)C(CC(C)C)/N=C(/O)C(C(C)C)N(C)C1=O,1.0
635,O=C1NC=2C(=O)C=3C=C(C(O)=C(C(=O)C(=CC(C)C(O)C(C=CC(O)CC=C(C(=O)CC(O)C(C=CC=CC=C1C)C)C)C)C)C3C(=O)C2N)C,0.0
228,CCCC1OC1C(=O)NC(CO)C(=O)NC1C(=O)NC(Cc2c[nH]c3ccccc23)C(=O)NC(CC(=O)O)C(=O)NC(C(=O)O)C(=O)NC(c2ccc(O)cc2)C(=O)NC(CC(=O)O)C(=O)NCC(=O)NC(C(OP(=O)(O)O)C(N)=O)C(=O)NC(C(C)CC(=O)O)C(=O)N/C(=C\c2c[nH]c3ccccc23)C(=O)OC1C,1.0
669,O=C1OC(C=2C=COC2CC3C(O)CCC4CC5C(C=CN6CNCC65)CC43)C7(C)CCC8C9%10COC(=O)C%11(CCC(CO)C%11)C%10OC(C)(C)C9C(=O)C(O)C8(C%12CCCCC%12)C%137OC1%13,0.0
1015,O=C1C2=C(O)C=C(O)C(=C2OC3=C(O)C(O)=C(C(=C13)CC=C(C)C)CC=C(C)C)CC=C(C)C,0.0
880,O=C1OC2=C(C=C1)C=CC=3OC(C(C32)C=4C(OC)=CC(O)=C5C(=O)C6=CC=C(OC)C(OC)=C6N(C54)C)C(O)(C)C,0.0
5,CCC1(O)CC(OC2CC(N(C)C)C(OC3CC(O)C(OC4CCC(O)C(C)O4)C(C)O3)C(C)O2)c2c(O)c3c(c(O)c2C1OC1CC(N(C)C)C(OC2CCC(OC4CCC(O)C(C)O4)C(C)O2)C(C)O1)C(=O)c1cccc(O)c1C3=O,1.0
338,CCC(C)C(=O)OC1C(C)OC(=O)C(NC(=O)c2nccc(OC)c2O)COC(=O)C1Cc1ccccc1,1.0
379,C=C1/C=C(\C)C(CC)OC(=O)C(C)C(=O)C(O)(CO)C/C(OC)=C\C(C)C1,1.0
199,CC1OC(OC2CC(C)(O)Cc3c(O)c4c(c(O)c32)C(=O)c2ccc3c(c2C4=O)OC2OC3(C)C(O)C(N(C)C)C2C)CC(N(C)C)C1O,1.0
542,O=C(OC1OC(OC(=O)C)C23C1=CC(OC(=O)CC(C)C)CC2C(C)(CC=C(C=C)C)C(C)C(OC(=O)C)C3O)C,0.0
215,CNCC(=O)N(C)C1C(NC2=NC3C(O)CN=C(O)C3N2)OC(CO)C(OC(=N)O)C1O,1.0
385,CC1OC(CC(=O)O)CC2C(=O)c3cccc(O)c3C(=O)C12O,1.0
739,O=C1OC=2C=C(O)C=3C(=NN=C4C=CC=CC43)C2C=C1,0.0
873,OC1=CC=C(C=C1OCCC2=CC(=CN2)C(C)C3CCCC3)CCC=4OC(=C(C4)CO)CCCC,0.0
77,CCC(C)C1OC2(CC3CC(C/C=C(\C)C(OC4CC(OC)C(OC5CC(OC)C(O)C(C)O5)C(C)O4)C(C)/C=C/C=C4/COC5C(O)C(C)=CC(C(=O)O3)C45O)O2)CC(O)C1C,1.0
112,Nc1ccn(C2OC(C(OC3OC(CO)C(O)C(N)C3O)C(O)C(O)C(O)C(O)CO)C(N)C(O)C2O)c(=O)n1,1.0
448,COc1c(C)c(O)c2c(c1O)C1COC3C4CC5C(C(C2N2CCOC52)N13)N4C,1.0
406,COC1=C(C)C(=O)C2=C(C1=O)C1COC3C4CC5C(C(C2N2CCOC52)N13)N4C,1.0
541,O=C(O)C12CCC3(C(=CCC4C5(C)CCC(O)C(C)(C)C5CCC43C)C2C(C)C(C)C(O)C1)C,0.0
804,O=C(OC1C(=C)C(OCC(C)C)C(OC(=O)C)C(OC(=O)C)C(C)(C)C2OC(O)(C(C)C2OC(=O)C)C3(OC(=O)C)CC(OC(=O)C)(C)C(OC(=O)C)C13)C,0.0
321,CC(N)C(=O)NC(C)C(=O)NC(CCCNC(=N)N)C(O)CC(=O)OCC1=C(C(=O)O)N2C(=O)C(NC=O)(NC(=O)CCCC(N)C(=O)O)C2SC1,1.0
573,O=C1OC2CC3C4(C)CCC(O)C(C)(C)C4CCC3(C)C5(C)CCC16CCC(C)C(C)C6C25,0.0
222,COC1C(OC(C)=O)CC(=O)OC(C)C/C=C/C=C\C(O)C(C)CC(CC=O)C1OC1OC(C)C(OC2CC(C)(O)C(OC(=O)CC(C)C)C(C)O2)C(N(C)C)C1O,1.0
830,O=C(OC)CC1(C)CCCC2(C)C3CC=4OC=CC4C(C)C3CCC12,0.0
599,OC=1C=C2C=3C(OC)=C(OC)C=C4C3C(NCC4)CC2=CC1OC,0.0
703,O=C(O)C1(C)CC(O)C2(C)CCC3(C(=CCC4C5(C)CCC(O)C(C)(CO)C5CCC43C)C2C1)C,0.0
480,CC(=O)C(C)C(O)C(C)c1ccc(C)cc1/C=C/CO,1.0
742,O=C(OC1CC(O)CCC2(C#CC3CCCC4NCCC(OC=5C=C(C(=CC5O)CO)CC31)C4)CNC(=N)NCN6CC7CN8CC2CCC8C(C6)C7)C,0.0
917,CCC(C)C1CCC2(C)C1CCC3(C)C2CCC4C5(C)CCCC(C)(C)C5CCC43C,0.0
744,O=C1OC(=CC(C)CCCC(=CC=CC2(C=3OC=CC3CCC2)C)C)C(O)=C1C,0.0
392,CC1CCC2C(C)(C)C(O)C(O)CC2(C)C12Cc1c(O)cc3c(c1O2)CNC3=O,1.0
235,CC(=O)OC1C(C)CC2C1C=CC1CC3CC4CC(=O)C3(CC12)C(=O)O4,1.0
932,OC=1C=CC2=C(N=C3OC=CC3=C2OC)C1OC,0.0
781,O=C(OC)CCS(=O)(=O)C,0.0
1008,OC1CCC=2C=C3OC=C(C3=C(C2C1C)C)COC,0.0
535,O=C1C=2C=C(O)C=C(OC)C2C(=O)C3=C1CC(O)(OC3)C,0.0
567,O=CC1=C2C3C(C=CC2(CCC1)CC(O)(CCNC)C43CCC(C(=CC=CC(=C)C5CC=C(C)C(O)NC(C)CC6=CC=CC(=C6)C5)CO)C4O)CCO,0.0
1045,O=C(OC1CC2(OC(=CC2=O)C(=CC3OC(=O)C(=C)C31)CO)C)C(=CC)C,0.0
616,O=C(C=CC1=CC=C(O)C(OC)=C1)C2=CC=C(O)C(OC)=C2O,0.0
896,O=C(OC1CC(=O)OC(C)(C)C2CC(=O)C3(C)C(CCC4(C)C(OC(=O)C5OC534)C6=COC=C6)C12C)C,0.0
982,O=C1C=C2C3CC4C=CCC(O)(C5OC5C(C)C(C)C)C6CCC2(O)C46CCC=7C=C(O)C=C(C7)N8C(=O)C9%10C(CSSC(O)C1%11CC(O)C(O)(CO)CC3%11C)CCCC%10(C=CC%12CC(C(O)C%129C8)C%13%14C=CC%15CCCCC%15(N%13)C%16CC%17OCC=CC%17=CC%16C%14)CO,0.0
115,CCC(=O)OC1CC(=O)OC(C)C/C=C/C=C\C(=O)C(C)CC(CC=O)C(OC2OC(C)C(OC3CC(C)(O)C(OC(=O)CC(C)C)C(C)O3)C(N(C)C)C2O)C1OC,1.0
168,C/C=C/C(=O)C1C(=O)OC2(C)C(=O)C(Cl)=C3C=C(/C=C/C(C)=C/C(C)CC)OC=C3C12,1.0
714,O=C(OCC(=CCO)C(=O)OC1CC(=CCCC(=CC2OC(=O)C(=C)C21)C)C)C(=C)C(O)CO,0.0
468,CC(C)=CCC/C(C)=C/CC12OC1(CC=C(C)C)C(=O)c1c(cc(O)c(C)c1O)C2=O,1.0
76,COc1cc(OC)c2c(c1)cc(O)c1c(=O)cc(C)oc12,1.0
16,CC1(C(N)C(=O)O)CC1,1.0
777,O=C(O)C12CCC(=C)CC2C3=CCC4C5(C)CCC(O)C(C)(CO)C5CCC4(C)C3(C)CC1,0.0
460,CCC(C)SC1SCC2C(=O)N(C)C3(CC3C)C(=O)OCC(NC(=O)c3nc4ccccc4cc3O)C(=O)NC(C)C(=O)N(C)C1C(=O)N(C)C1(CC1C)C(=O)OCC(NC(=O)c1nc3ccccc3cc1O)C(=O)NC(C)C(=O)N2C,1.0
652,O(C=1C=C2C(=CC1OC)C=3C(OC)=C(OC)C(OC)=C4C3C(N(C)CC4)C2)C5=CC(OC)=C(OC)C=C5CC6C7=CC(OC)=C(OC)C=C7CCN6C,0.0
336,CCC1OC(=O)C(C)C(OC2CC(C)(O)C(O)C(C)O2)C(C)C(OC2OC(C)CC(N(C)C)C2O)C(C)(O)CC(C)C2=C(C)C(=O)C1(C)O2,1.0
624,O=C1C2=C(O)C=C(OC)C=C2C(O)C(O)(C1)CC(O)C,0.0
48,COC1C(OC(N)=O)C(O)C(Oc2ccc3c(O)c(NC(=O)c4ccc(O)c(CC=C(C)C)c4)c(=O)oc3c2C)OC1(C)C,1.0
437,CO/C(=C\c1ccc(O)c(O)c1)C(=O)OCC1=C(C(=O)O)N2C(=O)C(NC(=O)CCCC(N)C(=O)O)(OC)C2SC1,1.0
205,CC1OC(OC2CC3OC(C)C2(O)c2c(O)c4c(c(O)c23)C(=O)C(/C=C/CC(=O)O)=C(O)C4=O)CCC1O,1.0
340,O=CN(O)C/C=C/P(=O)(O)O,1.0
753,OC=1C=C(O)C(=C(C=CC=2C=CC=CC2)C1CC=C(C)C)CC=C(C)C,0.0
640,O=C(NC(C(=O)NC(C(=O)NC(CO)CC=1C=CC=CC1)C(C)C)CC2=CC=C(O)C=C2)CC(C)C,0.0
905,O=C1C(O)=C(OC=2C=C(O)C=C(O)C12)C=3C=CC(O)=C(O)C3,0.0
1033,O=C1OCC23CCC(O)(C)C4CC5(O)C(OC42)CC(OC(=O)C=CCCC6(OCCC(=C1)C6O)C(=O)CO)C53C,0.0
955,O=C1C(O)=C(OC=2C=C(O)C=C(O)C12)C=3C=C(O)C(OC)=C(O)C3,0.0
702,O(C=1C=C2C=CC=3C(=C(OC)C(OC)=CC3CCN(C)C)C2=CC1OC)C,0.0
163,CCCCCCCCCCCCCC1OC(=O)C(COC(C)=O)NC(=O)C(C(C)O)NC(=O)C(C(C)C)NC(=O)C(C)C(O)C1C,1.0
865,O=C(O)C[As+](C)(C)C,0.0
141,CC1C=CC2=CCCCC2C1CCC1CC(O)CC(=O)O1,1.0
245,CCC(C)C(=O)OC1CCC=C2C=CC(C)C(CCC3CC(O)CC(=O)O3)C21,1.0
489,C=C/C(C)=C/C1(C)SC(=O)C(C)=C1O,1.0
417,CCC(C)CC(C)/C=C(\C)C(OC1OC(CO)C(O)C(O)C1O)C(C)/C=C(\C)C(O)C(C)/C=C(\C)C(O)C(C)/C=C(\C)C(=O)OCC(O)C(O)C(O)C(O)CO,1.0
511,O=C1NC(C2CCC(Cl)CN2)C(=O)NC1C1CCC(Cl)CN1,1.0
743,O=C1OC(O)(C(=O)OCC)C(C=2C=CC(O)=CC2)=C1CC3=CC=C4OC(C)(C)CCC4=C3,0.0
562,O=C(O)CCCCCCCCCCCCCC=CCCCCCCCC,0.0
334,C=C1OC(=O)C(C(=O)CCC/C=C/CCCCCC)=C1O,1.0
772,O=C(NC=CC1=CC=C(O)C=C1)C(OC)=CC2=CC=C(O)C=C2,0.0
63,NC(=O)OCC1c2c(O)cc(CO)cc2N2CC3NC3C1(O)O2,1.0
621,O=C1C=C(C=2C(N)=CC=CC2N1)CF,0.0
272,CCC(C)/C=C(C)/C=C/C1=CC2=C(Cl)C(=O)C3(C)OC(CC(C)O)(OC)CC3C2=CO1,1.0
341,COC1CCC(OC2CC(C3(C)CCC4(CC(O)C(C)C(C(C)/C=C(\C)C(=O)C(C)CC(C)C(=O)O)O4)O3)OC3(OC(C4OC(C)(O)C(C)CC4C)CC3C)C2C)OC1C,1.0
23,Cc1cc(Cl)c(O)c2c(=O)c3cc(Cl)n(C4OC(CO)C(O)C(O)C4O)c3oc12,1.0
875,O(C1=CC2=C(C(OC)=C1OC)C3=C(OC)C=4OCOC4C=C3CC(C)C(C)C2)C,0.0
711,O=CC1(C)C(O)CCC2(C)C1CCC3(C)C2CC=C4C5CC(C(=O)O)(C)CCC5(C(=O)O)CCC43C,0.0
152,COc1cc2cc3c(c(O)c2c(O)c1-c1c(OC)cc2cc4c(c(O)c2c1O)C(=O)OC(C)C4)C(=O)OC(C)C3,1.0
510,C/N=C(\O)C(C)C1C(=O)/C(=C(O)/C=C/C(C)=C/C(C)C2OC3(C)OC(C=CC34CO4)C2C)C(=O)N1C1CCC(O)C(C)O1,1.0
390,C=C1CNC(=O)C(CC(=O)O)NC(=O)C(c2ccc(O)cc2)NC(=O)C(CC(=O)O)NC(=O)C(CC(=O)O)NC(=O)C(Cc2c[nH]c3ccccc23)NC(=O)C(NC(=O)C(CO)NC(=O)C2OC2CCC)C(C)OC(=O)/C(=C/c2c[nH]c3ccccc23)NC(=O)C(C(C)CC(=O)O)NC(=O)C(C(C)O)N1,1.0
9,C/C=C/C=C/C1OC(O)(C(CC)C(=O)NC/C=C/C=C(\C)C(OC)C(C)C2OC(/C=C/C=C/C=C(\C)C(=O)c3c(O)ccn(C)c3=O)C(O)C2O)C(O)C(OC2OC(C)C(OC3OC(C)C(OC)C(O)C3OC)C(OC)C2O)C1(C)C,1.0
506,CC/C=C1/CC2C(OC)Nc3ccc(OC4OC(C)C(NC)C(C)(O)C4O)cc3C(=O)N2C1,1.0
933,O=C1C=C(OC=2C=C(O)C=C(O)C12)C=3C=CC(O)=CC3,0.0
410,COC(=O)c1cc2c([nH]1)C(=O)C=C1N(C(=O)c3cc4cc(OC)c(OC)c(OC)c4[nH]3)CC3CC123,1.0
857,O=C(OC1CC=2C(O)=CC(O)=CC2OC1C3=CC(O)=C(O)C(O)=C3)C4=CC=C(O)C=C4,0.0
867,O=C1OC2=CC=CC(=C2C(O)=C1C=3C(=O)C=4C=CC(=C(C4C(=O)C3C=5C(=O)OC6=CC=CC(=C6C5O)C)C=7C(=O)C=8C(O)=CC=CC8C(=O)C7C)C)C,0.0
241,C/C=C/C=C/C1OC(O)(C(CC)C(=O)NC/C=C/C=C(\C)C(OC)C(C)C2OC(/C=C/C=C/C=C(\C)C(=O)c3c(O)ccn(C)c3=O)C(O)C2O)C(O)C(O)C1(C)C,1.0
700,O=C1OC2CC(O)C=CC(=CCC(O)C=CC(=CC(OC(=C1C)C2C)NC(=O)C(O)C)C)C,0.0
353,C/C=C(\C)C(=O)OC1C(C)OC(=O)C(NC(=O)c2nccc(OC)c2O)COC(=O)C1Cc1ccccc1,1.0
522,CC(=O)OC1C=CC(=O)C1(O)CO,1.0
769,O=C1OC2CCN3CC=C(COC(=O)C(O)(CC)C(O)C1C(C)C)C32,0.0
24,CC1=CC(=O)CC2(O)C3=C(C=CC12O)C(=O)c1c(O)cccc1C3=O,1.0
848,O=C1OCC(C)(CC2=CC=C(O)C(OC)=C2)C1CC3=CC=C(O)C(OC)=C3,0.0
716,O=C(OC)CCCCCCCC=CCCC=CCCCC,0.0
479,CC(=O)OC1(C)CC(C)C(=O)C(C(O)CC2CC(=O)NC(=O)C2)C1,1.0
784,O=C1OC2CC(C)C3(C)CC4(OC5CCC1C2(C)C53O4)C6=COC=C6,0.0
685,O=C1C(=COC=2C=C(O)C=C(O)C12)C=3C=C(OC)C=4OC(CC4C3O)C(O)(C)C,0.0
925,OC=1C=CC=C(C1)C=2C=CC(O)=CC2CC3=CC(OC4CCCC4)=CC5=C3OCC(C5O)C6C(O)C=7C=C(OC)C(=CC7OC6CCCOC)CNC,0.0
103,CC(Cl)CC(N)C(=O)O,1.0
144,CCC(C)/C=C(C)/C=C/C=C(\C)CC(C)CC(C)CC(/C=C(C)/C=C/C(O)C(C)(C)c1cc(=O)c(C2OC(CO)CC(O)C2O)c(O)o1)CO,1.0
513,CC1CCC2(CCC(C)C(C(C)C(=O)c3ccc[nH]3)O2)OC1Cc1nc2c(C(=O)O)c(O)ccc2o1,1.0
715,O=C(OCC1C2(OC2C(=O)C3C(C)(C)CCCC31C)C)CCCCCCCCCCCCCCCCC,0.0
470,Oc1cccc2c1C(O)CCC21Oc2cccc3cccc(c23)O1,1.0
164,C#CC(N)C(=O)O,1.0
397,CNC(=N)NCCC/C=C/CCCC(C)CC(C)C1C/C=C\C=C/C(O)C(C)C(O)CC(O)CC(OC(=O)CC(=O)O)CC2CC(O)C(O)C(O)(CC(O)C(C)CCC(O)C(C)C(O)C(C)C(O)C(C)CCC(O)C(C)C(=O)O1)O2,1.0
344,C=C(C)CC(NC(=O)C(CO)NC(=O)CCCCC(C)C)C(=O)C1(CO)CO1,1.0
1,O=C1NCc2c1c1c3ccccc3[nH]c1c1[nH]c3ccccc3c21,1.0
180,CCCCC/C=C/C=C/C(=O)OCC1OC(OC2C(CO)OC3(OCc4cc(O)cc(O)c43)C(O)C2OC(=O)/C=C/C=C/CC(O)/C=C/C=C/CCCCC)C(O)C(O)C1O,1.0
231,CCC(C)C1OC(=O)C(C(C)(C)O)N(C)C(=O)C(CC(C)C)/N=C(/O)C(C(C)C)N(C)C(=O)C(C(C)C)/N=C(/O)C2CCCN2C(=O)C(Cc2ccccc2)N(C)C(=O)C(Cc2ccccc2)/N=C(/O)C(C(C)C)N(C)C1=O,1.0
907,O=C(O)C1=CC2(C)CCCCC3C(=CC4C(O)C(O)CCC4C3(C(=O)OC=5C(=O)OC2(C5O)CC1CC)C)C,0.0
491,NC1C(C=O)=CC=CC1O,1.0
285,CCC1NC(=O)C(NC(=O)c2ncccc2O)C(C)OC(=O)C(c2ccccc2)NC(=O)C2CC(=O)CCN2C(=O)C(Cc2ccccc2)N(C)C(=O)C2CCCN2C1=O,1.0
564,O=C(C=1C=C(O)C=C(O)C1CC=C(C)C)C2=C(O)C=C(O)C=3C=CC(OC32)(C)C,0.0
733,O=C1C2=C(OC(C)(C)C1)C34CC4C(OC3C(O)C2)(C)C,0.0
210,COC1CC(N)C(OC2OC(C(C)N)CCC2N)C(O)C1N(C)C(=O)CN,1.0
201,CCC(C)/C=C(C)/C=C/C1=CC2=C(Cl)C(=O)C(C)(O)C(O)C2CO1,1.0
173,CCC1OC(=O)CC(O)C(C)C(OC2OC(C)C(OC3CC(C)(O)C(O)C(C)O3)C(N(C)C)C2O)C(CC=O)CC(C)C(=O)/C=C\C(C)=C\C1C,1.0
57,CC(=O)N/C=C/SC1=C(C(=O)O)N2C(=O)C(C(C)OS(=O)(=O)O)C2C1,1.0
991,O=C(N1C2=C(O)C(OC)=CC=C2C34CCN5CCCC(CC)(CCC13)C54)C,0.0
581,O=CC12C(O)CC3C(C)(C)C(O)CCC3(C)C2CCC4C(CCC41C)C(O)(C)CCC=C(C)CO,0.0
125,C/C=C/C=C/C1OC(O)(C(CC)/C(O)=N/C/C=C/C=C(\C)C(OC)C(C)C2CC(O)C(/C=C/C=C/C=C/C(=O)O)O2)CC(O)C1(C)O,1.0
363,CCC1(O)CC(OC2CC(N(C)C)C(O)C(C)O2)c2cc3c(c(O)c2C1OC1CC(N(C)C)C(O)C(C)O1)C(=O)c1cccc(O)c1C3=O,1.0
755,O=C1C(=C2CCC(O)(C)C3(CCC(C4=CC=CC(=C)CCC=C(C)CC#CCOC4)C3O)C2CCC(O)CC5=CC=CC(=C5)CC(CC6=CC=C(O)C=C6)C(O)CNC7C(=O)NC(N)C=8C=CC=C(C87)C1)C9CCCCC9,0.0
960,O=CN1CC2(COC)CCC(OC)C34C1C(C(OC)C23)C5(OC(=O)C)C(O)C(OC)C6(O)CC4C5C6OC(=O)C=7C=CC=CC7,0.0
906,OCC1(C2=CCC3CC(C=C)(C)CCC3(C)C2CCC1)C,0.0
726,O=C1OC(C(OC)=C1CO)=C2OC3=CCCN4C(CC5C(C=6C=CC=C(C6)CCCCC)C78CCC(C7)C9(SSCC%10=CCC(CC%10C(O)C4C5C8)C%11CCCC%11)CCCC9)C3C2C,0.0
979,O=C(C1=CN=C(N=C1N)NC2CCN(CC2)S(=O)(=O)C)C3=C(F)C(F)=CC=C3OC,0.0
775,O=C1C=2OC=C(C2C(=O)C=3C=C(OC13)C(=C)C)C,0.0
18,CCC(=O)C(CC)C(O)C(C)CC(C)C1OC(=O)CC2(O)CC=C(C)C(O2)/C(C)=C/CCCC(OC2CC(OC(=N)O)C(O)C(C)O2)/C=C/C(C)C(O)C1C,1.0
246,CC(C)CCCCCCCCCCCNOP(=O)(O)N(CC(N)=O)P(=O)(O)OC1C(OCC2OC(n3ccc(N)nc3=O)C(O)C2O)=C(CO)C(O)C1O,1.0
719,O=C1C2=CC=C(O)C(O)=C2OC=3C1=C4OC(C)C(C4=C5OC(C)C(C35)(C)C)(C)C,0.0
547,O=C(OC)C(OC)CC(OC)C=1C(O)=CC=C(C(=O)C)C1O,0.0
247,C/C(O)=N/C=C/S(=O)C1=C(C(=O)O)N2C(=O)C(C(C)OS(=O)(=O)O)C2C1,1.0
588,O=C1OC(C2=COC=C2)C3=C1C=CC4(C3=C)CC=CC5C(=O)OCC54,0.0
21,Cc1c2oc3c(C)ccc(C(=O)NC4C(=O)NC(C(C)C)C(=O)N5CCCC5C(=O)N(C)CC(=O)N(C)C(C(C)C)C(=O)OC4C)c3nc-2c(C(=O)NC2C(=O)NC(C(C)C)C(=O)N3CCCC3C(=O)N(C)CC(=O)N(C)C(C(C)C)C(=O)OC2C)c(N)c1=O,1.0
626,OC1CC2C3(C)CCC(O)C(C)(C)C3CCC2(C)C4(C)CC(O)C(C14)C(O)(C)CC=CC(O)(C)C,0.0
277,CC1OC(OC23C(=O)CC(C)(O)CC2(O)C=CC2=C3C(=O)c3ccc(C4CC(OC5CCC(OC6CC(=O)C(O)C(C)O6)C(C)O5)C(O)C(C)O4)c(O)c3C2=O)CCC1O,1.0
816,O=C(O)CC(O)C1(CO)C(CC(=O)C2(C)C1CCC(C)(C(O)C3=COC=C3)C42OC4C(=O)O)C(O)(C)C,0.0
546,O=CC12CCC(O)C3CC4C=CCC(C5CCCC5)C4CC(CC6(O)C1CCC78CCC#CC=9C=CC=CC9CC(NCO)C%10CC(CC67O)C8(C%11=CC(=O)OC%11%10)CO)C32O,0.0
307,C=C/C(C)=C/C1(CC)SC(O)=C(C)C1=O,1.0
170,COC1C(CO)OC(n2c(Cl)cc3c(=O)c4c(O)c(Cl)cc(C)c4oc32)C(O)C1O,1.0
698,O=C1C(NCC(O)C)=C2C3(O)CCC(C(O)(C)C4(O)CCCC(O)C5C4OC6CCC(CCC)CCC65)C3(C)CC(O)C72C=CC(C8=CC=C(N=C8CCCO)N)CC97CC(O)C(O)CC19,0.0
856,O=C1C2=C(O)C(=C(O)C=C2OC(C=3C(O)=CC(O)=CC3O)C1)CC=C(C)CCC=C(C)C,0.0
523,COC1CC(N)C(OC2OC(C(C)N)CCC2N)C(O)C1N(C)C(=O)C/N=C/O,1.0
885,O=C(OC=1C=2C(=CC=C3C=C4C=CC=CC4=CC32)NC1CO)C5OC6(O)C(O)C=CC7C8CC(CNC)C(O)C9(CCC%10CC%11(CCCC%12%11CCCC%12)C%13C=CC=%14C=C(O)C=CC%14C%13%109)C8OC5C76O,0.0
230,C/C=C/C1OC1(C)c1cc(=O)c2c(CC(=O)O)cc3c(c2o1)C(=O)c1c(O)ccc(O)c1C3=O,1.0
980,O=C1OC(CC=C1)CCCCC=CCC(=CCl)C,0.0
1046,O=C1C(O)=C(OC=2C1=C(O)C=C(O)C2CC=C(C)C)C=3C=CC(O)=CC3,0.0
284,CC(O)C1C(=O)N2C(C(=O)O)=C(S/C=C/N)CC12,1.0
499,CC(=O)NNc1ccc(O)c(C=O)c1,1.0
992,O=C(O)C=CC1=CC=C(O)C=C1,0.0
691,O=C1OCC(=C1)CCC2(O)C3(C=CC(O)(CCC(C)CCCC=4C=CC=CC4)C52C(O)CCC(C)(C6CCCC6)C5C(OC(=O)C)C3)C,0.0
315,CCC(C)CC(C)/C=C(\C)C(OC1OC(CO)C(OC)C(O)C1O)C(C)/C=C(\C)C(O)C(C)/C=C(\C)C(O)C(C)/C=C(\C)C(=O)OCC(O)C(O)C(O)CO,1.0
657,O=C1C=C(OC=2C=C(OC)C=C(O)C12)C=3C=CC(OC)=CC3,0.0
457,CCC1C(=O)N2C(C(=O)O)=C(S/C=C/NC(C)=O)CC12,1.0
361,CC(C)=CCCC(C)(O)CCCC(C)(O)CCCC(C)(O)CCCC(C)(O)CCCC(C)(O)CCCC(C)(O)C(O)CC/C(C)=C/CC/C(C)=C/COC1OC(CO)C(O)C(O)C1O,1.0
297,COc1cc(C)cc2c(=O)oc3c(c12)C(=O)c1cccc(O)c1C3=O,1.0
689,O=C(O)C1=CC=CC=2OC(=NC21)C=3C=CC(Cl)=CC3O,0.0
536,BrC(CC)C1OC(CC=CC#C)C(O)CC=CC1,0.0
557,O=C1N2CC3=C(O)C(OS(=O)(=O)O)=CC=C3C(O)C2C(O)CC1N,0.0
467,C/C=C/CC(C)c1cc(=O)c2c(C)cc3c(c2o1)C(=O)c1c(O)c(C2CC(C)(N(C)C)C(O)C(C)O2)cc(C2CC(N(C)C)C(O)C(C)O2)c1C3=O,1.0
874,O=C1C(=COC2=C(O)C(O)=CC=C12)C=3C=CC(O)=C(O)C3,0.0
644,O=C(OCC1=C(OC=2C(OC)=CC(O)=CC21)C)C,0.0
257,CC(O)C([NH+]=[N-])C(=O)OCC(N)C(=O)O,1.0
46,CC(C)=CCC/C(C)=C/CC12OC(C)(C)C(Cl)CC1(Cl)C(=O)c1c(cc(O)c(C)c1O)C2=O,1.0
447,C/C(O)=N/CCS(=O)C1=C(C(=O)O)N2C(=O)/C(=C(\C)CO)C2C1,1.0
507,CCC1OC(=O)CC(O)C(C)C(OC2OC(C)C(OC3CCC(O)C(C)O3)C(N(C)C)C2O)C(CC=O)CC(C)C(=O)/C=C\C2(C)OC2C1C,1.0
929,O=C(OC)CC1(O)C2C(OC)=CC(=O)C1(O)CC(=O)C2(O)C(=O)OC,0.0
787,O=C1OC2C(OC(=O)C)C(C)CCCC(=CCCC3(OC3CC2C1=C)C)C,0.0
555,O=CC12CC3OC4(O)C(OC(C)CC4O)OC3CC2CC=C5C1CCC6(C)C(C7=CC(=O)OC7)CCC56O,0.0
661,O=C(OCC)CCC1=CC=2C=COC2C(OCCNCCCC(C)C)=C1O,0.0
961,O=C1C=2C=CC=CC2NC(=C1CC=C(C=CC=C(C)CCC=C(C)C)C)C,0.0
619,O=C1C=C(N(C=2C=CC=CC12)C)CCCCCCCCC=CCCCCC,0.0
944,O=C1CCC2=CC(OC)=C(O)C=C2C(C#CC3CC4CC(CC3C(=O)C1O)C(CCC)C(O)CC5=CC(=CN5)C(C)CNCC(O)CC6=CC=C7C=CC(=CC7=C6O)NC8=NC=CC(=C8)C94CCCC9)C=%10C=CC=CC%10C%11CCC(CC=%12C=CC=C(O)C%12CO)C(C)C%11,0.0
487,NC(C(=O)NC(C(=O)O)C(O)C1CN2C(=O)CC2O1)C(O)C1CN2C(=O)CC2O1,1.0
582,O=CCCCCCCCCCCCCCCCC=CN=C=S,0.0
1026,C1=C(C)C(CCC2C(=CCC3C(C)(C)CCCC23C)C)C4(C)CCCC(C)(C)C4C1,0.0
721,O=C(OC1C(OC(=O)C(C)CC)C2(CO)C(O)C(O)C3(C(=CCC4C5(C)CCC(O)C(C(=O)OC)(C)C5CCC43C)C2CC1(C)C)C)C(=CC)C,0.0
188,O=C(Nc1c(O)cccc1-c1nc2c(C(=O)O)cccc2o1)c1ncccc1O,1.0
67,CC(N)C(=O)NC1C2C(=C(O)CC(O)C2O)C(=O)OC1(C)C(Cl)Cl,1.0
504,CC1C=CC2=CCCC(O)C2C1CCC1CC(O)CC(=O)O1,1.0
44,CCC1OC(=O)CC(O)C(C)C(OC2OC(C)CC(N(C)C)C2O)C(C/C=C/C(C)=O)CC(C)C(=O)/C=C/C2(C)OC2C1C,1.0
83,CNC(CC(C)C)/C(O)=N/C1/C(O)=N/C(CC(=N)O)/C(O)=N/C2/C(O)=N/C3/C(O)=N/C(/C(O)=N\C(C(=O)O)c4cc(O)cc(O)c4-c4cc3ccc4O)C(OC3CC(C)(N)C(O)C(C)O3)c3ccc(c(Cl)c3)Oc3cc2cc(c3OC2OC(CO)C(O)C(O)C2OC2CC(C)(N)C(O)C(C)O2)Oc2ccc(cc2)C1O,1.0
154,CC(=O)OC1/C=C\C(C)=C/CC(O)/C=C\C(C)=C/C(NC(=O)C(C)=O)C2(C)C(=O)OC(C1)C(C)C2=O,1.0
190,CNCC1CCC(N)C(OC2C(N)CC(N)C(OC3OCC(C)(O)C(NC)C3O)C2O)O1,1.0
462,COc1cc(C)cc2c(=O)oc3c4cccc(O)c4c(OC4OC(C)C(O)C(O)C4O)cc3c12,1.0
3,COC1CCC(OC2C(C)C(C3CCC(C4CCC(C5(C)OC6(OC(CC7OC(O)(C(O)C(=O)O)C(C)C(OC)C7(C)OC)CC(OC)C6C)C(C)C5OC)O4)O3)OC(C)(O)C2C)OC1C,1.0
972,O=C1C=C(OC=2C=C(O)C=C(O)C12)C=3C=CC(OC)=CC3,0.0
968,OCC1OC(N2C=NC=3C(=NC=NC32)NCC=4C=CC=CC4OC)C(O)C1O,0.0
293,Cc1c(N)nc(C(CC(N)=O)NCC(N)C(N)=O)nc1C(=O)NC(C(=O)NC(C)C(O)CC(=O)NC(C(=O)NC(OC1OC(C)C(N)C(O)C1O)C(O)c1nc(-c2nc(C(=O)NCCCC(N)CC(=O)NCCCNCCCCN)cs2)cs1)C(C)O)C(OC1OC(CO)C(O)C(O)C1OC1OC(CO)C(O)C(OC(N)=O)C1O)c1cnc[nH]1,1.0
1013,O=C1OC=2C=3OC(CO)C(OC3C=CC2C=C1)C4=CC(O)=C(O)C(OC)=C4,0.0
605,OC1=CC=C(C=C1OC)CCC(OCO)C2CCC(O)C(CC3=CC(OC)=C(O)C(OC)=C3)C2O,0.0
176,COc1c(NC(=O)C2NCCCC2O)ccc2c1C1COC3C4CC(CO)C(C(C2)N13)N4C,1.0
239,NCCCC(N)CC(=O)NCCCC(N)CC(=O)NC1C(NC2=NC3C(=O)NCC(O)C3N2)OC(CO)C(OC(N)=O)C1O,1.0
878,O=C1C(=C(C#CC(=CC=CC(=CC=CC=C(C=CC=C(C#CC2=C(C)C(O)C(O)CC2(C)C)C)C)C)C)C(C)(C)CC1O)C,0.0
472,CCCCCCC/C=C/C=C/C(O)=N/C(/C(O)=N/C1CC(O)CC/N=C(O)/C=C\C(C)/N=C\1O)C(C)O,1.0
320,CC(=O)N/C=C/S(=O)C1=C(C(=O)O)N2C(=O)C(C(C)(C)O)C2C1,1.0
877,OC1=CC=C(C=C1OCC(O)C2=CC3=C(N2)C4C=CC5(CCCC5C4)C3CNCC(O)C)CCC=6OC(=C(C6)CO)CCCCCCCN,0.0
736,O=COC1=CNC=2C=CC(=CC12)CC,0.0
572,OCC1(OC2(OC3C=C4C5CCC6CC=7N=C8C(=NC7CC6(C)C5CC(O)C4(C)C3(O)C2C)CC9CCC%10=C%11C%12=C(OC%13(OC(C)(C)C(C)C%13O)C(C)C%12CC%11O)C=C%10C9(C)C8)C(O)C1)C,0.0
350,COC1/C=C\C=C/C=C/CC(OC(=O)C(C)NC(=O)C2CCCCC2)C(C)C(O)/C(C)=C/CCc2cc(O)cc(c2O)NC(=O)C1,1.0
442,CC(O)CC(OC(C)CO)OC1C(N)CC(OC2CC(O)(C(C)O)Cc3c(O)c4c(c(O)c32)C(=O)c2c(O)cccc2C4=O)OC1C,1.0
528,OC1(C=2C=CC=CC2)C=3C=CC=CC3NC4NCCN41,0.0
370,COc1cccc2c1C(CO)N1C(C#N)C3CC(C(=O)O)C(C1C2)N3C,1.0
317,CCC(C)CC(C)/C=C/CCC(O)C(Cc1ccc(O)cc1)NC,1.0
420,NC(CCOc1ccc(C(O)/C(O)=N/C2(/N=C/O)CN(C(C(=O)O)c3ccc(O)cc3)C2=O)cc1)C(=O)O,1.0
824,O=C(O)C1OC2CC3OC(N4C=NC=5C(=NC=NC54)N)C(O)C3OC2(O)C(O)C1O,0.0
232,OCC1=CC(NC2C(O)C(O)C(OC3OC(CO)C(O)C(O)C3O)C(CO)C2O)C(O)C(O)C1O,1.0
841,O=C(O)CCCCCC=CCCCCC(C)C,0.0
1037,O=C1OC(C=2C=COC2CC(C(O)CO)C3CCC4C(C=CN5CNCC54)C3)C6(C)CC7CC89CC%10(CCCC%10)CC9CC%11=CC(C%12C=CC%13CCCCC%13C%12C)C%14(OC%11%15C8C(=O)OCC%16%15C%14C(=O)C(O)C(C)(C7%16)C%176OC1%17)C,0.0
408,CNC1/C(O)=N/C2/C(O)=N/C(/C(O)=N/C3/C(O)=N/C4/C(O)=N/C(/C(O)=N\C(C(=O)O)c5cc(O)cc(OC6OC(CO)C(O)C(O)C6O)c5-c5cc4ccc5O)C(O)c4cc(Cl)c(c(Cl)c4)Oc4cc3cc(c4OC3OC(CO)C(O)C(O)C3/N=C(\O)CCCCCCCCC(C)C)Oc3ccc(cc3Cl)C2O)c2cc(cc(O)c2Cl)Oc2cc1ccc2O,1.0
738,O=C1C2=C(O)C(=C(O)C=C2OC(C3=CC=C(O)C(O)=C3)C1)CC=C(C)CCC=C(C)C,0.0
118,CC1OC(CC(=O)O)CC2=C1C(=O)c1c(O)c3c(c(O)c1C2=O)C1CC(OC2CCC(O)C(C)O2)C3(O)C(C)O1,1.0
275,CCC1/C=C\C=C/CC(C)C(O)C(C)C(=O)CC(O)C(C)C(O)C(C)C(O)C(C)/C=C\C(=O)OC2C(C)C(CC1)OC1(CCC(C)C(CC(C)O)O1)C2C,1.0
966,CCCC(C)C,0.0
1047,O=C1OC(OC(=O)C)C2C1=CCC3C2(C)CCC4C3(C)CCC5C(C)(COC(=O)C)CCCC54C,0.0
969,O=C1C=C(OC2=C1C(=CC(O)=C2C3OC(CO)C(O)CC3)C)CC(=O)C,0.0
610,O=C1OC2(OC(CC)C(C)(C)C(O)C2)C(NC(=O)C)C1,0.0
578,O=C1C=C(O)C2=C3C1=C(O)C=C4OC=5C=CC=C(O)C5C(=C43)C(C2C)C(C)CC(=O)C=6C(O)=CC=CC6O,0.0
983,OC1=C(CO)CN(C)C2CC3=CNC4=CC=CC(=C43)C12,0.0
17,COc1ccnc(C(=O)NC2COC(=O)C(Cc3ccccc3)C(OC(=O)C(C)C)C(C)OC2=O)c1O,1.0
708,O=C1OC2CN3CC=C(COC(=O)C(O)(CO)C(C)CC1CC)C3C2,0.0
919,O=C(C=1C=CC=CC1CO)C(=C)C,0.0
47,COC1CC(OC2CC(C3OC(C)(O)C(C)CC3C)OC2C2(C)CCC(C3(C)CCC4(CC(O)C(C)C(C(C)C5OC(O)(CC(=O)O)C(C)C(O)C5OC)O4)O3)O2)OC(C)C1OC,1.0
1042,OCC1=CC=C(OC)C=C1,0.0
1025,OCC(O)C(O)CC1=NC=CN=C1C,0.0
335,OCc1cc2c([nH]c3ccccc32)c(C(O)CO)n1,1.0
638,O=C1OC=2C3=C1C4C(CC3CCC2C5(CC)CCCC5)C6C(=C7C(=O)OC(=CCCC)C74CC6)C(C=8C=CN=C(N)C8)CN9C(=O)C=CC9=O,0.0
945,O=CC1=CC(C)C2CC(C)(C)CC2(O)C=C1C=O,0.0
434,CC(C)CC1/N=C(\O)C(Cc2ccccc2)/N=C(/O)C(CCCCCC(=O)C2CO2)/N=C(/O)C2CCCCN2C1=O,1.0
202,COC(CC(C)C(O)/C=C/C=C/CNC(=O)C(C)(C)C(O)/C(C)=C/C=C/C=C/Cc1cnco1)C1(O)C(C)C(=O)N(C)C12C(=O)OC2C,1.0
913,O=C1NCCCCC1N,0.0
993,OC1=CC=C(C=CN=C(O)C(O)=CC2=CC=C(O)C=C2N=C)C=C1,0.0
129,CC(C)c1c(O)cc(C(N=C(N)N)C(=O)NCC(=O)O)cc1O,1.0
140,COC(=O)CC1CC23OC2(C(=O)c2c(O)cccc2C3=O)C(C)O1,1.0
648,O=C(O)C(N=C(O)CCC(N)C(=O)O)CS(=O)CC=C,0.0
660,O=C1OC(C(=CC2CCC(O)C(OC)C2)C)C(C)C(O)CC(=O)C(C=C(C)CC(C)CC(OC)C3OC(O)(C(=O)N4CCCCC14)C(=O)C(C)CC3)CC,0.0
391,COc1ccc(C2SSC34CC56OC5C=CC(O)C6ON3C(=O)C2N(C)C4=O)c(O)c1OC,1.0
823,O=C(OC)C1=CC=C(O)C=C1,0.0
10,C#CC#CC#CC(O)C1OC(=O)OC1CCCCCCC(=O)O,1.0
1028,O=C1C=C(OC=2C=C(O)C=C(O)C12)C=3C=CC(OC)=CC3,0.0
947,O=C1OCC23C(OC(C)(CCC(C)C)C3C(=O)C(O)C4(C)C2CCC5(C)C(OC(=O)C6OC654)C=7C=COC7CC(C(O)CO)C8C=CC(CC8)C9NCNC9)C1,0.0
903,O=C(O)C1=C[N+](=CC(C=CC2C(=COC(O)C2C=C)C(=O)OC)=C1NC(=N)NC)CCO,0.0
665,O=[N+]([O-])C1=CC=C(N=NC=2C(O)=C3C=CC(N=NC=4C(N)=C5C(O)=C(N=NC=6C=CC7=C(O)C(N=NC8=CC=C(C=C8S(=O)(=O)O)[N+](=O)[O-])=C(SOOO)C=C7C6)C(=CC5=CC4S(=O)(=O)O)S(=O)(=O)O)=CC3=CC2S(=O)(=O)O)C(SOOO)=C1,0.0
987,O=C1N2C3C(=CC=CC3O)CC2(SC)C(=O)N4C5C(=CC=CC5O)CC14SC,0.0
167,CCCCCCCCC/C(O)=N/C1C(Oc2c3cc4cc2Oc2c(Cl)cc(cc2Cl)C(O)C2/N=C(\O)C(/N=C(\O)C4/N=C(\O)C4/N=C(\O)C(/N=C(\O)C(NC)c5ccc(O)c(c5)Oc5cc(O)c(Cl)c4c5)C(O)c4ccc(c(Cl)c4)O3)c3ccc(O)c(c3)-c3c(OC4OC(CO)C(O)C(O)C4O)cc(O)cc3C(C(=O)O)/N=C\2O)OC(CO)C(O)C1O,1.0
915,OC=1C(OC)=CC(OC)=CC1OC,0.0
444,CC1OC(OC2CCC(OC3C(O)CC(c4ccc5c(c4O)C(=O)C4=C(C5=O)C5(O)C(=O)CC(C)(OC6CCC(OC7C=CC(=O)C(C)O7)C(C)O6)CC5(O)C=C4)OC3C)OC2C)C=CC1=O,1.0
999,O=C1CCC2=CC=C(OC)C(OCC3=CC=4C(=CC(O)=C5C4C(=C3)CCC5C#COC(C1)CC6C=C(O)C=CC6CCCCC=7C=CC=CC7)CC)=C2,0.0
727,O=C1OC(=CC=CC=CC=CCC(NC(=O)C=CC=CC=CC=CC2(C1=C(O)C(OC)C2O)C)C=3C=CC=CC3)C,0.0
265,COC1COC(OC2C(N)CC(N)C(OC3OC(CN)CC(O)C3N)C2O)C(N)C1N,1.0
4,NCC(O)C(OC1OC(CO)C(N)C(O)C1O)C(N)C(O)CO,1.0
386,CCC1OC(=O)CC(O)C(C)C(OC2OC(C)C(OC3CC(C)(O)C(O)C(C)O3)C(N(C)C)C2O)C(CC=O)CC(C)C(=O)/C=C\C(C)=C\C1CO,1.0
6,CCC(/C=C/C1OC(=O)C=CC1C)=C\C(C)C/C=C/C(C)=C/C(CO)C(=O)C(C)C(O)C(C)C/C(C)=C/C(=O)O,1.0
662,O=C1CCC(C)C2(O)CC(C(=C)C)CCC12C,0.0
1019,O=CC(=C1C(=O)CC(=CCCC(=CC1)C)C)C,0.0
879,OC=1C=CC=2C3=C4OC(CO)CCC4=C5OC(C6=CC(OC)=C(O)C(=C6)CCCO)C(OCNC)(CNCNCC(O)(C)CC(C)C)CC5=C3CC7C2C1C=CC7C=8C=CC=9NC=CC9C8,0.0
1035,OCC(=C)CCC1(O)OC2CC3C4CC=C5CC(O)CC(O)C5(C)C4CCC3(C)C2C1C,0.0
517,CCCC1CNC(C(=O)NC(C(C)O)C2OC(SC)C(O)C(O)C2O)C1,1.0
833,O=C(OC=1C=2C(=CC=C3C=C4C=CC=CC4=CC32)NC1CO)C5OC6(O)C(O)CCC7C8CC(CNC)C(O)C9(CCC%10CCC%11CCC%12=CC(O)=CC=C%12C%11%109)C8OC5C76O,0.0
266,C=C1CNC(=O)C(CC(=O)O)NC(=O)C(c2ccc(O)cc2)NC(=O)C(CC(=O)O)NC(=O)C(CC(=O)O)NC(=O)C(Cc2c[nH]c3ccccc23)NC(=O)C(NC(=O)C(CO)NC(=O)C2OC2CCC)C(C)OC(=O)/C(=C/c2c[nH]c3ccccc23)NC(=O)C(CCC(=O)O)NC(=O)C(C(C)O)N1,1.0
146,NC(CCOc1ccc(C(NC=O)C(=O)NC2CN(C(C(=O)O)c3ccc(O)cc3)C2=O)cc1)C(=O)O,1.0
368,CCC1(O)CC(O)c2cc3c(c(O)c2C1OC1CC(N(C)C)C(O)C(C)O1)C(=O)c1cccc(O)c1C3=O,1.0
147,C=C1OC(CO)(n2cnc3c(N)ncnc32)C(O)C1O,1.0
1017,O=C(OC1CC2C(C3=CCC(C4=COC=C4)C31C)C(O)CC5C(C(=O)CCC25C)(C)C)C,0.0
158,COC1C(O)C(N)C(OC2OC(C(C)N)CCC2N)C(O)C1N(C)C(=O)C/N=C/N,1.0
251,CC(OS(=O)(=O)O)C1C(=O)N2C(C(=O)O)=C(S(=O)(=O)O)CC12,1.0
422,CC(=O)OC1C(C)CC2C1C=CC1CC(O)CC3CC(=O)/C(=C\C12)C(=O)O3,1.0
309,COc1cc2cc(c1Cl)/N=C(/O)CC(OC(=O)C(C)C)C1(C)OC1C(C)C1CC(O)(N=C(O)O1)C(OC)/C=C\C=C(\C)C2,1.0
136,C/C(=C\C(C)C1OC2(CCC(C)(C3CCC(C)C4(OC(C5OC(O)(CO)C(C)CC5C)CC4C)O3)O2)CC(O)C1C)C(=O)C(C)CC(C)C(=O)O,1.0
651,O=C(O)C1C(O)C2C=CC3C(CC=4C=CN=C(N)C4)CC(C(C5=CC=C(N5)C=6C=C(O)C=C(O)C6CC=7C=CC=CC7)CCC1CCCCC8C=CC(CCCCC)CC8O)C3(O)C2,0.0
595,O=C1NC(=S)C(O)(N1)C2=CNC=3C=CC=CC32,0.0
758,O=C(C=C(C)C1CCC2(C)C1CC(O)C3C2(C)CCC4C(C)(C)C5(O)OCC43CC5)C6OC6(C)C,0.0
611,O1C=C(C=2C1=CC(=C3C2C(C)CCC3)C)C,0.0
433,COC1C(O)C(N)C(OC2OC(C(C)N)CCC2N)C(O)C1N(C)C(=O)CN,1.0
818,O=C(O)C12CCC(C(=C)C)C2C3CCC4C5(C)CCC(O)C(C)(CO)C5CCC4(C)C3(C)CC1,0.0
603,O=C(O)CCCCCCCC(O)C(O)CCCCCCO,0.0
229,CC1OC2CC(=O)OC2C2=C1C(=O)c1c(O)c3c(c(O)c1C2=O)C1CC(O)C3(O)C(C)O1,1.0
1040,OC1=CC=C(C=C1OC)CC2COCC2CC3=CC=C(O)C(OC)=C3,0.0
936,OC1C=CC2(OC3=CC=CC=4C=CC=C(O2)C34)C5C(O)CCC(O)C15,0.0
797,O=C1OC2C(C1=C)CCC(=C)C3C(OC)C=C(C)C23,0.0
371,CC(=O)NC1CCCN(O)C(=O)/C=C(/C)CCOC(=O)C(NC(C)=O)CCCN(C)C(=O)/C=C(/C)CCOC(=O)C(NC(C)=O)CCCN(O)C(=O)/C=C(/C)CCCOC1=O,1.0
55,CN(C(=O)C/N=C/N)C1C(NC2=NC3C(=O)NCC(O)C3N2)OC(CO)C(O)C1OC(N)=O,1.0
263,CCC(=O)OC1CC(=O)OC(C)C/C=C/C=C\C(O)C(C)CC(CC=O)C(OC2OC(C)C(OC3CC(C)(O)C(OC(=O)CC)C(C)O3)C(N(C)C)C2O)C1OC,1.0
248,CC/C=C1/CC2C=Nc3ccc(OC4OC(C)C(NC)C(C)(O)C4O)cc3C(=O)N2C1,1.0
149,C/C=C(\C)C(=O)OC1C(O)CC(c2ccc3c(c2O)C(=O)C2=C(O)C4(OC)C(=O)C(C(N)=O)=C(O)C(OC(=O)c5ccccc5O)C4CC2C3(C)OC)OC1C,1.0
294,CC(C)C(=O)OC1C(C)OC(=O)C(NC(=O)c2ncccc2O)COC(=O)C1Cc1ccccc1,1.0
671,OC1C(O)C(C)COC1C(=CC=CC=CCCC)C,0.0
316,COC1OC(=O)C=C2C1=CC1OC(=O)C3(C)CCCC2(C)C13,1.0
747,O=C(N)C1=CC=C(O)C(N)=C1,0.0
861,OCC(C)CC(C)CC(C)CCC,0.0
806,OCC1(OCC2C(=C)CC(O)C=C(C)CCC21)C=CC=C(C)C,0.0
914,O=S(=O)(CC=C(CO)CCC=C(C)CCC1(C(=CCCC1C)C)C)CCNC(=N)N,0.0
994,O=C(OC)CC(O)(C(=O)OC1C(OC)=CC23N(CCC4=CC=5OCOC5C=C4C12)CCC3)C(C)CC,0.0
71,CC(=O)C1(O)Cc2c(O)c3c(c(O)c2C(OC2CC(N)C(OC(CC(C)O)OC(C)CO)C(C)O2)C1)C(=O)c1c(O)cccc1C3=O,1.0
602,O=C(OC)C1=CC(OCCC=2C=CC=CC2)=C(O)C(OC)=C1CC,0.0
356,COC1CC(OC2CC(C3OC(C)(OC)C(C)CC3C)OC2C2(C)CCC(C3(C)CCC4(CC(O)C(C)C(C(C)C5OC(O)(CC(=O)O)C(C)C(OC)C5OC)O4)O3)O2)OC(C)C1OC,1.0
594,C=1C=CC(=C(C1)C=CCC(C)C(CNC)CC=2C=CNC2)CC,0.0
174,COC1CCC(OC2C(C)C(C3CCC(C4CCC(C5(C)OC6(OC(CC7OC(O)(C(O)C(=O)O)C(C)C(OC)C7(C)OC)CC(OC)C6C)C(C)C5OC5CCC(OC)C(C)O5)O4)O3)OC(C)(O)C2C)OC1C,1.0
348,O=C(c1cc(Cl)cc(Cl)c1O)c1[nH]c(Cl)c(Cl)c1Cl,1.0
355,CCCCCCCCCCCCCC1OC(=O)C(COC(C)=O)NC(=O)C(C(C)OS(=O)(=O)O)NC(=O)C(C(C)C)NC(=O)C(C)C(O)C1C,1.0
43,COC(=O)C1(C)Nc2c(O)cc3c(c2C1=O)CC(Cl)CN3C(=O)c1cc2cc(OC)c(OC)c(OC)c2[nH]1,1.0
570,O=C(O)CC1(CCCC1)C(NCC)CCCC2NC(CC#CC=3C=CC=CC3CCC(C=CC(O)CCCCC)=C2CC(O)CO)C(O)(C)CC4=CC=C(O)C=C4,0.0
192,CCC(C)/C=C(C)/C=C/C1=CC2=C(Cl)C(=O)C3(C)OC4(O)CC(C)OC(=O)C4C3C2=CO1,1.0
91,CCC(=O)OC1CC(=O)OC(C)CC2OC2/C=C\C(O)C(C)CC(CC=O)C(OC2OC(C)C(OC3CC(C)(O)C(OC(C)=O)C(C)O3)C(N(C)C)C2O)C1OC,1.0
770,O=C1CCC2=CC=C(O)C(OCO)=C2C#CCC=3C=C(C4=C5OC(O)C(C4)C6CSSCC(NC(=NC6C#CCC7(NCOC53)CC8(CCCC8)CCC7CCC(OC)CO)N)C(C)C)CCC(O)C1,0.0
34,CNC(CC(C)C)C(=O)NC1C(=O)NC(CC(N)=O)C(=O)NC2C(=O)NC3C(=O)NC(C(=O)NC(C(=O)O)c4cc(O)cc(O)c4-c4cc3ccc4O)C(OC3CC(C)(N)C(O)C(C)O3)c3ccc(c(Cl)c3)Oc3cc2cc(c3OC2OC(CO)C(O)C(O)C2O)Oc2ccc(cc2Cl)C1O,1.0
157,COc1ccnc(C(=O)NC2COC(=O)C(Cc3ccccc3)C(OC(=O)CC(C)C)C(C)OC2=O)c1O,1.0
177,COc1cc2oc3c(c(=O)c2cc1OC)C(=O)c1c(ccc2cc4c(c(O)c12)C(=O)N1CCOC1(C)C4)C3=O,1.0
113,NCC1CC(O)C(N)C(OC2C(N)CC(N)C(O)C2O)O1,1.0
554,O=C1C(O)=C(OC2=CC(O)=C(O)C(OC)=C12)C=3C=CC(O)=CC3,0.0
741,O1C=CC=2C1=C(C=C3C=4C=CC=CC4NC23)C,0.0
276,CCC(C)C1/N=C(/O)C2CCCN2C(=O)C(Cc2ccccc2)N(C)C(=O)C(Cc2ccccc2)/N=C(/O)C(C(C)C)N(C)C(=O)C(C(C)CC)OC(=O)C(C(C)(C)O)N(C)C(=O)C(CC(C)C)/N=C(/O)C(C(C)C)N(C)C1=O,1.0
260,CCc1ccc2c(c1O)C(=O)c1cc3c(c(O)c1C2=O)-c1c(cc(C)c(C(=O)O)c1O)C(O)C3O,1.0
630,O=C(NC=1C(=O)CCC1O)C2=CC=C3NC(CC3=C2)C(O)(COC)CCC(=C(C)C)C,0.0
1024,O=C(O)COC(OC1CCC2(C)C3CC=C4C5CC(C)(C)CCC5(C(=O)O)CCC4(C)C3(C)CCC2C1(C)C)C(=O)O,0.0
240,COC(=O)NC1C(C)OC(OC2C/C=C(/C)C3C=CC4C(OC5CC(OC6CCC(OC7CC(O)C(OC8CCC(O)C(C)O8)C(C)O7)C(C)O6)C(OC(C)=O)C(C)O5)C(C)CC(C)C4C3(C)C(=O)C3C(=O)OC4(CC(C=O)=CC(O)C4/C=C\2C)C3O)CC1(C)[NH+]([O-])O,1.0
455,CC1=CCCC2C1(C)C(=O)C(O)C(C)C2(C)CC(O)C1(C(=O)C=O)CO1,1.0
100,C/C=C(\NC(=O)C1CCCN1C(=O)C1CCCCN1C(=O)C(NC(=O)C(N)C(C)CCNC(=N)N)C(C)N)C(=O)NC(CO)C(=O)O,1.0
694,O=C1OC(C(=O)N(C)C(C(=O)N(C)C(C(=O)NC(C2=NC(=CS2)C(=O)NC(CC)C1C)C)CC=3C=CC=CC3)C(C)C)C,0.0
380,COC1C(C)OC(OC(C)C(O)/C=C/C=C/C=C/C(=O)C(C)C(O)C(C)C2C/C=C/C=C\C=C\C(O)C(=O)/C(C)=C\C=C\C(C)=C\C(O)/C(C)=C/CC(=O)O2)C(OC)C1O,1.0
723,O=C(O)C1=CC(OC)=C(O)C(=C1)S(=O)(=O)O[Na],0.0
831,O=C1OC(CC(O)CC(=CCC=CCC(=C1)CC(=O)O)C)CC(O)CCCCCCCCC,0.0
501,CC(C)C(N)/C(O)=N/C1CCC1(O)CC(=O)O,1.0
243,COc1cc2cc(c1Cl)N(C)C(=O)CC(OC(=O)C(C)C)C1(C)OC1C(C)C1CC(O)(NC(=O)O1)C(OC)/C=C\C=C(\C)C2,1.0
967,OC1=CC=CC2=NC3=CC=C(N)C=C3N=C12,0.0
69,COC(C)C(NC(=O)C1CCCN1C)C1OC(SC)C(O)C(O)C1O,1.0
890,OC1=CC=CC(=C1)CC2=CC(=CC=C2O)CCC3C#CC=4C=C(N=C5C4COC(CCC3)CC(O)C6CC=7C(=CC(O)=C(OCC8=CC(=CC9=CN5C=C98)C%10%11C=%12C%13=CC=CC%12CCC%11C%14(OCC%10CC%13)CCCCC%14)C7C(CC(C)C)C6)CO)NCOC,0.0
921,O=C1NCCCN(C(=O)C=2C=CC=CC2)CCCCNC(C=3C=CC=CC3)C1,0.0
853,O=CC1C(=O)C(O)C(O)CC1C=CC=CCCC,0.0
1034,O=C(O)C(=CCC12OC2C(O)C(=C(C1=O)CCCCCCC)CO)C,0.0
593,O=C(C1=CC=C(O)C(OC)=C1)C,0.0
362,CC1OC(OC2CC3OC(C)C2(O)c2c(O)c4c(c(O)c23)C(=O)C23CC(CC(=O)O2)OC(C)C3(O)C4=O)CCC1O,1.0
672,OC=1C=C(O)C=2C=C(O)C(=[O+]C2C1)C=3C=C(O)C(O)=C(OC)C3,0.0
234,CNC(CC(C)C)/C(O)=N/C1/C(O)=N/C(CC(=N)O)/C(O)=N/C2/C(O)=N/C3/C(O)=N/C(/C(O)=N\C(C(=O)O)c4cc(O)cc(O)c4-c4cc3ccc4O)C(OC3CC(C)(N)C(O)C(C)O3)c3ccc(cc3)Oc3cc2cc(c3OC2OC(CO)C(O)C(O)C2OC2OC(C)C(O)C(O)C2O)Oc2ccc(cc2Cl)C1O,1.0
625,O=C1OC2OC(CO)C(O)C(O)C2OC(=O)C3=CC(O)=C(O)C(O)=C3OC4=CC(=CC(O)=C4O)C(=O)OC5OC(CO)C(O)C(OC(=O)C6=CC(O)=C(O)C(O)=C6)C5OC(=O)C7=CC(O)=C(O)C(O)=C7OC8=CC=CC1=C8,0.0
765,OC=1C=C(O)C=2C=C(O)C(=[O+]C2C1)C=3C=CC(O)=C(O)C3,0.0
296,C/C=C/C=C/C(O)=N/C(C)C(O)CC(N)C/C(O)=N/CCC(=N)N,1.0
609,O=C1OC2C(=C1)C3(O)CCC(C(C=CC(O)(C)C(O)(C)C)C)C3(C)CC2,0.0
96,CC(=O)NCCSC1=C(C(=O)O)N2C(=O)C(C(C)OS(=O)(=O)O)C2C1,1.0
886,O=C1OCC2NC(=O)C=3N=C(SC3)C(NC(=O)C=4N=C(SC4)C(NC(=O)C(NC(=O)C=5N=C(SC5)C=6C=C(O)C(=NC6C=7N=C2SC7)C8=NC(=CS8)C(=O)NC(=C)C(=O)N)C(O)C)=C(OC)C)C9OCC%10=C1NC%11=CC=CC(=C%11%10)COC(=O)C9O,0.0
306,CCC1OC(=O)C(C)C(OC2CC(C)(OC)C(O)C(C)O2)C(C)C(OC2OC(C)CC(NC)C2O)C(C)(O)CC(C)C2=C(C)C(=O)C1(C)O2,1.0
526,OC=1C=C(O)C=C(C1)CO,0.0
70,COC1CC(OC2CC(C3OC(C)(O)C(C)CC3C)OC2C2(C)CCC(C3(C)CCC4(CC(O)C(C)C(C(C)C5OC(O)(CC(=O)O)C(C)C(OC)C5OC)O4)O3)O2)OC(C)C1OC,1.0
718,OC1CCC2(C)C3C(=CCC2C1(C)C)C4(C)CC(O)C5(C)CCC(C)C(C)C5C4(C)CC3,0.0
194,C/C=C(\C)C(=O)C(C)/C=C(\C)C1OC(O)(C(O)(CC)C(=O)NC2C(=O)N3NCCCC3C(=O)N(O)C(C)C(=O)N(C)C(C)C(=O)N3NCCCC3C(=O)NC(C(C)O)C(=O)OC2C(C)C)CCC1C,1.0
576,O=C(OCCCCCC)CCC(C)C,0.0
1041,O=C1C2=CC=C(O)C(O)=C2C(=O)C3=C(O)C(C4=C5C(=O)C6=CC=C(O)C(O)=C6C(=O)C5=C(O)C=C4C)=C(C=C13)C,0.0
843,O=C(O)CCCCCCCCCC(O)CCCCC,0.0
81,CCC1OC(=O)/C=C\C(C)C(OC2OC(C)CC(N(C)C)C2O)C(C)CC(C)C(=O)/C=C/C=C\C1COC1OC(C)C(O)C(O)C1OC,1.0
521,COC(C(=O)C(O)C(C)O)C1Cc2cc3cc(OC4CC(OC5CC(O)C(O)C(C)O5)C(O)C(C)O4)c(C)c(O)c3c(O)c2C(=O)C1OC1CC(OC2CC(OC3CC(O)C(OC)C(C)O3)C(O)C(C)O2)C(O)C(C)O1,1.0
220,CC(C)(O)C1C(=O)N2C1CC(SCCNC(=O)CCNC(=O)C(O)C(C)(C)CO)C2C(=O)O,1.0
104,CC(C)C(C)C(O)C1CC23CC(=O)C4(O)C(=C2CCC3C1C)C=CC1(O)CC(O)CCC14C,1.0
908,O=C(O)C(O)NC(=O)C(NC(=O)CCC(NCNC)C(=O)O)CSC1(C=2OC(=O)C3C(=CCC(C23)CC1)CCCO)CCC,0.0
737,O=C(OC1C(=C(C(=O)C1)CC=CC)C)C2C(C=C(C)C)C2(C)C,0.0
815,O=C1OC(C(O)=C1C)CC(=CCCC(C=CC=C(C)CCCC2=CC(=O)N(CC(=O)O)C2)C)C,0.0
695,O=C(OC1C(=CC(=O)C2(C)CCC3(C(=C(CC3)C(C)C)C2C1)C)CO)C,0.0
2,COC1/C=C/C=C/C=C/CC(OC(=O)C(C)NC(=O)CCC(C)C)C(C)C(O)/C(C)=C/CCC2=CC(=O)C=C(NC(=O)C1)C2=O,1.0
793,O=C1C2=C(C(O)CC3(C)C(CCC23C)C(C)CCC=C(C)CO)C4(C)CCC(O)C(C)(C)C4C1,0.0
939,C=C1CCC2C(C3C1CCC3C)C2(C)CCC=C(C)C,0.0
514,C/C=C1\CC2C=Nc3ccccc3C(=O)N2C1,1.0
926,OC1C2=CC=C3OCOC3=C2OC4COC5=CC=6OCOC6C=C5C14O,0.0
503,C=C1/C=C(\C)C(CC)OC(=O)C(C)C(=O)C(O)(CO)C/C(C)=C\C(C)C1,1.0
533,O=C(O)C=CC1=CC=C(O)C(=C1)C(=N)N,0.0
748,O=C(OCC)C=C(C(=O)OC1CC2N(C)C(C1)C(OC(=O)C=C(C)C)C2)C,0.0
837,CC1CCC2CC(C)CCC2C1,0.0
143,CC1CCC2(C)C(C=O)=CCCC2C1(C)CC1OC2OC3(O)C(OC(CC4(C)C(C)CCC5(C)C(C=O)=CCCC54)C34CO4)OC2(O)C12CO2,1.0
86,COC(=O)C1(O)CC2OC1(C)n1c3ccccc3c3c4c(c5c6ccccc6n2c5c31)C(=O)NC4,1.0
139,NC(=O)NC(CCC(N)CC1OC(n2cnc3c(N)ncnc32)CC1O)C(N)=O,1.0
191,C/C=C/C=C/C=C/C(O)C(C)C(CCC(C)C1OC(=O)C=CC1C)OP(=O)(O)O,1.0
436,COc1cc(O)c2c(c1)CCCC(O)C(O)C(=O)/C=C\CC(C)OC2=O,1.0
631,O=C1NC(C(=O)NCC(=O)N(C)C(C(=O)NC(C(=O)OC(C)C(NC(=O)C(=CC)NC(=O)CC(O)CCCCCCCCCCC)C(=O)NC(C(=O)NC(C(=O)NC1=CC)CC2=CC=C(O)C=C2)C(O)C)CC=3N=CNC3)C(O)C)CCC(=O)N,0.0
464,C/C=C/CC(C)c1cc(=O)c2c(C)cc3c(c2o1)C(=O)c1c(O)c(C2CC(C)(N(C)C)C(OC(C)=O)C(C)O2)cc(C2CC(N(C)C)C(O)C(C)O2)c1C3=O,1.0
725,O=C1OC(C(OC)=C1CO)=C2OC3=CCCN4C(CC5C6C=7C=CC=C(C7)CCC8C9C=CC(C8SSCC%10=CC=CC(=C%10)CC%11CCCC%12%11CCC6(CC5C4C(O)C%13C=CCC(C%13)C%14CCCC%14)C%12)C%15(CCCC%15)C9)C3C2CO,0.0
156,Cc1ccc(/C(O)=N/C2/C(O)=N\C(C(C)C)C(=O)N3C(C)CCC3C(=O)N(C)CC(=O)N(C)C(C(C)C)C(=O)OC2C)c(N)c1O,1.0
812,O=CC1CCC2(CCC3(CCC4(CCCC4)C53CC6C7CC8C(O)C9(CCC%10CC%11CCC%12C(C%13=CC(O)=CC=C%13C%109C%11%12)CSSCC8NC)C7OC%14C(OC(O)(C5O)C%146O)C(=O)OC=%15C=%16C(=CC=C%17C=C%18C=CC=CC%18=CC%17%16)NC%15CO)C2)C1,0.0
589,O=C1CC(C)CCC(O)C(C)CCC(C(=C)C)CC(O)C(C)C1,0.0
106,CCC(C(=O)C(C)C(O)C(C)C1OC(C)(O)C(CC)C(O)C1C)C1OC(C)(C23OC(CC)C(CC)(CC2C)O3)CC1C,1.0
259,C=C/C(C)=C/C1(CC)SC(=O)C(CC)=C1O,1.0
62,COc1cccc2c1NC(O)C1CC(/C=C/C(=O)N(C)C)=CN1C2=O,1.0
196,CCC1OC(=O)CC(O)C(C)C(OC2OC(C)CC(N(C)C)C2O)C(CC(O)SCC(N)C(=O)O)CC(C)C(=O)/C=C\C2(C)OC2C1C,1.0
89,CCC(O)C1(C)CC(C)C(O)(C2CC(C)C(C3(C)CC(OC4CCC(OC)C(C)O4)C(C4(C)CCC5(OC(C(C)C(OC)C(C)C(=O)O)C(C)C(OC)C5C)O4)O3)O2)O1,1.0
271,CNCC1CCC(N)C(OC2C(N)CC(OC)C(N(C)C(=O)CN)C2O)O1,1.0
384,O=C(O)C1/C(=C/CO)OC2CC(=O)N21,1.0
1007,O=C1C2=C(OC(CC)C3(C)CC(C)CC(C)C23)C=CN1O,0.0
117,CCCCC(=O)NC(C)COC1C/C=C/C=C\C=C\C(OC)CC(=O)Nc2cc(O)cc(c2O)CC/C=C(\C)C(O)C1C,1.0
58,COP(=O)(O)N(C)/N=C(\O)C(N)CC(C)C,1.0
728,O=C1OC2=C(C=C1)C(OC)=CC=3C=C(C=CC32)C,0.0
488,Cc1cc2c(O)c3c(cc2c2oc(C4(C)OC4C4CO4)cc(=O)c12)C(=O)C1OC1(C1CC(=O)C(O)C(C)O1)C3O,1.0
28,CC(O)(/C=C/C1CC=CC(=O)O1)C(CC(O)/C=C/C=C/C=C/CO)OP(=O)(O)O,1.0
746,O=C(C(=CC(=CC(C)C(O)C)C)C)C(C(=O)C(C)CC=1C(OC)=CC(O)=CC1CC(=O)C)C,0.0
193,CNCC1CCC(N)C(OC2C(N)CC(OC)C(NC)C2O)O1,1.0
550,O=C1OC(C=CC=CC=2C=CC=CC2)=CC=3C=CC=C(O)C13,0.0
851,OC1=CC2=CC=C3C(O)=C(OC)C=CC3=C2C(OC)=C1OC,0.0
423,CC1=CC2=C(C(=O)c3c(ccc(C4CC(N(C)C)C(O)C(C)O4)c3O)C2=O)C(C)O1,1.0
515,CC(C)=CCCC(C)(O)CCCC(C)(O)CCCC(C)(O)CCCC(C)(O)CCCC(C)(O)CCCC(C)(O)CCC/C(C)=C/CC/C(C)=C/CO,1.0
15,NC(CCOc1ccc(C(=N\O)/C(O)=N/C2CN(C(C(=O)O)c3ccc(O)cc3)C2=O)cc1)C(=O)O,1.0
264,[O-][NH+](O)c1c(Cc2cc(Cl)cc(Cl)c2O)[nH]c(Cl)c1Cl,1.0
828,O=C1C(O)=C(OC=2C=C(O)C=C(O)C12)C=3C=CC(O)=C(O)C3,0.0
524,O1C2=CC=C(C=C2OC1)C3C4=C5OCOC5=CC=C4CC(C)C3C,0.0
697,O=CC(NC(=O)C(NC(=O)C(NC(=O)NC(C(=O)O)CC(C)C)C1NC(=NCC1)N)CCC(=O)N)C,0.0
456,CCC1CC(C(=O)NC(C(C)O)C2OC(SC)C(O)C(O)C2O)N(C)C1,1.0
821,O=C(O)C=CC1=CC=C(OC(=O)C=2C=CC(=O)C(=NO)C2)C=C1,0.0
796,O=C(CCC1=CC=C(O)C(OC)=C1)CC(O)C(CC=2C=CNC2)CC3=CC=C(O)C(OC4CCCC4)=C3,0.0
963,O=C(OC1C(O)C2C3(C(=O)C(OC)=CC(C)C3CC4OC(=O)CC(C1(OC(=O)C)C)C42C)C)C,0.0
250,COCC1OC(OC2C(CO)OC(OC3C(O)C4N=C(N(C)C)OC4C3CO)C(NC(C)=O)C2O)C(NC(C)=O)C(O)C1O,1.0
131,CC(=O)NCCSC1=C(C(=O)O)N2C(=O)C(C(C)C)C2C1,1.0
357,O=C1C=CC(=O)C1(O)CO,1.0
1003,O1C2(C)CCC3(C)CCC(C(C)C)C13CC2,0.0
551,O(C=1C=C(C(OC)=C(OC)C1OC)CC=C)C,0.0
278,CC(=O)OCC12CCC(C)=CC1OC1CC(OC(C)=O)C2(C)C12CO2,1.0
954,O=CC1(C)CCC(O)C2(C)C3CCC4C(=C)C(=O)C3(C(O)CC12)C4O,0.0
178,CCC1NC(=O)C(NC(=O)c2ncccc2O)C(C)OC(=O)C(c2ccccc2)NC(=O)C2CC(=O)CCN2C(=O)C(Cc2ccc(N(C)C)cc2)N(C)C(=O)C2CCCN2C1=O,1.0
458,CCC1OC(=O)CC(O)C(C)C(OC2OC(C)CC(N(C)C)C2O)C(CC=O)CC(C)C(=O)/C=C\C2(C)OC2C1C,1.0
218,COc1cccc2c1C(=O)c1c(O)c3c(c(O)c1C2=O)CC(O)(C(C)=O)CC3OC1CC(N)C(O)C(C)O1,1.0
534,O=C(OCC1(C)CCC2OC(=O)C34C(=O)C(=C)C(CC5OC6OCC2(C61)C53)C4)C,0.0
290,COC1/C=C\C=C(\C)C(=O)NC2=CC(=O)C=C(C2=O)C(OC)C(C)CC(OC)C(O)C(C)/C=C(/C)C1OC(N)=O,1.0
127,CS/C=C/C(=O)Nc1ccn(C2CC(O)C(OC3OC(C)C(N(C)C)C(O)C3O)C(C)O2)c(=O)n1,1.0
693,O=C(O)C(=C1CCC2(N=C(N)N)C=CC3(CC4(O)C=CC5(O)C6=C7C(=O)CC3(C8CCCC8)C64CCC#CCC9(C(=O)CCC7(C)C9C5C=CC=%10C=CC=CC%10)C)C(C)C2C1O)C,0.0
421,COc1cc(O)c(CCO)c2c1C(=O)CC(C)O2,1.0
253,O=C1OC(c2ccc(O)c(O)c2)=C/C1=C/c1cc(O)cc(O)c1,1.0
328,CNC1C(=O)NC2C(=O)NC(C(=O)NC3C(=O)NC4C(=O)NC(C(=O)NC(C(=O)O)c5cc(O)cc(OC6OC(CO)C(O)C(O)C6O)c5-c5cc4ccc5O)C(O)c4cc(Cl)c(c(Cl)c4)Oc4cc3cc(c4OC3OC(CO)C(O)C(O)C3NC(=O)CCCCCCCC(C)C)Oc3ccc(cc3Cl)C2O)c2cc(cc(O)c2Cl)Oc2cc1ccc2O,1.0
606,O=COC1=CNC=2C=CC=CC12,0.0
923,O=C1OC2=C(C=CC=3OC4(CC=CC5C6C=CC=7C=CC=CC7C6CC54)C8OC(=O)C(=C(C)CO)CCC9=CC=C(C=C9)C%10C=CC(C=%11C=CC=C(C%11)CC=%12C=CC=CC%12)CC%10CC(=O)OC8C32)C(=C1C(COCO)CCO)CO,0.0
839,O=C(OC1=CC=C2C(=O)C3=C(O)C(=C(O)C=C3C(=O)C2=C1C=CC=4C=CC=CC4)CC5=CC=CC(=C5)C(N)N)C,0.0
183,COC1CC2CCC(C)C(O)(O2)C(=O)C(=O)N2CCCCC2C(=O)OC(C(C)CC2CCC(O)C(OC)C2)CC(=O)C(C)/C=C(/C)C(O)C(OC)C(=O)C(C)CC(C)/C=C\C=C/C=C\1C,1.0
492,CC(OS(=O)(=O)O)C1C(=O)N2C(C(=O)O)=C(SCCNC(=O)CCNC(=O)C(O)C(C)(C)CO)CC12,1.0
403,CCC(C)C1NC(=O)C2CCCN2C(=O)C(Cc2ccccc2)NC(=O)C(Cc2ccccc2)NC(=O)C(C(C)C)N(C)C(=O)C(C(C)CC)OC(=O)C(C(C)C)N(C)C(=O)C(CC(C)C)NC(=O)C(C(C)C)N(C)C1=O,1.0
615,O=C1C=CCC2(CC=C)C(C)C(OC12O)C3=CC=C4OCOC4=C3,0.0
313,COC(CC(C)C(O)/C=C/C=C/CNC(=O)C(C)(C)C(O)/C(C)=C/C=C/C=C/Cc1cnc(C)o1)C1(O)C(C)C(=O)N(C)C12C(=O)OC2C,1.0
642,O=C(OC1CCC2(C)C(CCC3(C)C4CC(=O)C(OC4(C)CCC32)=CC(=O)C)C1(C)C)C,0.0
943,O=C(O)C1(N=C(SC1)C(C)(C)C(O)C2N(C)C(SC2)C3NC(SC3)=C4C(=O)C=CC=C4CCCCC)C,0.0
899,O=C1OC(O)C(O)C12C3OC4CC(C)(C2C)C3(C)C4C,0.0
64,CCCc1c(C/C=C(\C)C/C=C/C(C)C)[nH]c(=O)c(C)c1O,1.0
150,CCC(C(=O)C(C)C(O)C(C)CCc1ccc(C)c(O)c1C(=O)O)C1OC(CC)(C2CCC(O)(CC)C(C)O2)CC1C,1.0
453,COC(=O)NC1C(C)OC(OC2C/C=C(/C)C3C=CC4C(O)C(C)CC(C)C4C3(C)C(=O)C3=C(O)C4(CC(C=O)=CC(O)C4/C=C\2C)OC3=O)CC1(C)[NH+]([O-])O,1.0
584,O=C(N1CC2(C)CC(C)(C)CC12)C,0.0
148,OCC1=CC(n2cnc3c2NC=NCC3O)C(O)C1O,1.0
120,COC1CC(CC2OC(O)(C(O)C(=O)O)C(C)C(OC)C2(C)OC)OC2(OC(C)(C3CCC(C4CCC(C(O)C(C)/C=C(\C)C(C)=O)O4)O3)C(OC)C2C)C1C,1.0
530,O=C1C(=C(O)C=2C=CC=CC2)C(=O)C3(CC=C(C)C)CC4(OC3(O)C1(CC=C(C)C)CC4CC=C(C)C)C,0.0
1044,O=C(O)C(NC(=O)C(NC(=O)C(NC(=O)C(NC(=O)C1NC(=O)C(NC(=O)CCCCCC=CCCCCCCCC)C(O)C(=O)NCC1)CO)CCCN(O)C(=O)C)CO)CCCN(O)C(=O)C,0.0
683,O=C(C=CC=CC(=O)CCCC)N1CCCCC1,0.0
645,O=C1C=2C(O)=CC=C(O)C2C(=O)C=3C(O)=C4C(=C(O)C13)C(O)C(O)(CC)CC4OC5OC(C)C(O)C(N)C5,0.0
805,O=C1C=C2C(=CC=C3C2(C)CCC4(C)C5CC(O)(C(=O)C(O)C5(C)CCC34C)C)C(=C1O)C,0.0
989,C(C#CC=C(C#CC#CC)SC)#CC=C,0.0
101,CCC1OC(=O)C(C)C(OC2CC(C)(OC)C(O)C(C)O2)C(C)C(OC2OC(C)CC(N(C)C)C2O)C(C)(O)CC(C)(F)C(=O)C(C)C(O)C1(C)O,1.0
1009,O=C(O)C=CC(=CC(=CC1C(=CC(=O)CO)C(=CC2CC(C)C(O)C(C)C12)C)C)C,0.0
262,CCC(C)C(NC=O)C(=O)NC1C(=O)NC(CC(C)C)C(=O)NC(C(C)C)C(=O)N2NCCCC2C(=O)NC(CC(C)C)C(=O)N2NCCCC2C(=O)OC1C,1.0
431,C/C=C/CC(C)C(O)C1C(=O)NC(CC)C(=O)N(C)CC(=O)N(C)C(CC(C)C)C(=O)NC(C(C)C)C(=O)N(C)C(CC(C)C)C(=O)NC(C)C(=O)NC(C)C(=O)N(C)C(CC(C)C)C(=O)N(C)C(CC(C)C)C(=O)N(C)C(C(C)C)C(=O)N1C,1.0
840,OC1CC2=CCC3C(CCC4(C)C(CCC34)C(C=CC(C(=C)CC)C(C)C)C)C2(C)CC1,0.0
411,CC(=O)Nc1cc2nc3cc(CO)ccc3oc-2cc1=O,1.0
427,CC(C)=CCCC(C)(O)CCCC(C)(O)CCCC(C)(O)CCCC(C)(O)CCCC(C)(O)CCC/C(C)=C/CC/C(C)=C/CC/C(C)=C/CO,1.0
811,O=C1OC(C=CC2=CC=C(O)C=C2)=CC(O)=C1,0.0
200,O=C(O)/C=C/C=C/C=C/C1(O)C=C(NC(=O)/C=C/C=C/C2CCCCC2)C(=O)C2OC21,1.0
735,O=C1C=C2OCOC23CC(C)C(C4=CC(OC)=C5OCOC5=C4)C1(CC=C)C3,0.0
579,BrC1=CC=C(OC=2C=C(Br)C=C(Br)C2O)C(Br)=C1,0.0
286,COC(=O)C1(C)Nc2c(O)cc3c(c2C1=O)C(CCl)CN3C(=O)c1cc2cc(OC)c(OC)c(OC)c2[nH]1,1.0
1027,O=C(C=CC1=CC(OC)=C(O)C=C1CC2=CN=C(N)C=C2CCC=3C=CC=C(C3)CCC=4C=CC=CC4)CC(=O)CCCC(CCCO)CC(C)C5(NC)CCCC5,0.0
261,COc1c2c(c(O)c3c(=O)c4c(oc13)C(O)CCC4O)-c1c3c(c4cc(C)n(C)c(=O)c4c1O)OCOC3C2,1.0
326,CC1CC1/C=C/C1CC1C1CC1C1CC1C1CC1/C=C/C=C/C(O)=N/CC1OC(N2CCC(O)=NC2=O)C(O)C1O,1.0
494,CCC(C)C1/N=C(/O)C2CCCN2C(=O)C(Cc2ccccc2)N(C)C(=O)C(Cc2ccccc2)/N=C(/O)C(C(C)C)N(C)C(=O)C(C(C)CC)OC(=O)C(C(C)C(=O)O)N(C)C(=O)C(CC(C)C)/N=C(/O)C(C(C)C)N(C)C1=O,1.0
325,COc1cc(OC)c2c(O)c3c(c(-c4c5c(c(O)c6c(OC)cc(OC)cc46)COC(C)C5O)c2c1)CC(C)OC3,1.0
786,OCC1N2C=3C=CC=CC3C4(O)CC[N+]5(C)CC(=CC)C1CC5C24O,0.0
537,O=C(OC)C1C(OC)C(O)CC2CN3CCC=4C=5C=CC(OC)=CC5NC4C3CC12,0.0
544,O=C(O)C=CC=CC=CC=CC=CCCCCCCCCCCC,0.0
291,NC(/C(O)=N/C1CN(C(C(=O)O)c2ccc(O)cc2)C1=O)c1ccc(O)cc1,1.0
934,O=C(O)CCC(NCC)C(O)CCCC(=CC=CC(O)C(O)CCCC)CC(O)CO,0.0
930,OC1C(=C)C(CCC(=C)C=C)C2(C)CCCC(C)(C)C2C1,0.0
767,O=C1C=C2C(C(CN=C(N)NC(O)C)CC3(CO)C4CC(C23O)C5(SSCC(N6C=NC=C6)CC(C7=C8CC9CCC%10CCCC%10(C9)C8C%11=C%12C(CCC%11)CC4C(O)C%127)(C)C)CCCC%135CCC(O)C%13)C%14(C)CC(O)C(O)C(CNC)C1%14,0.0
974,O=C1OC2C3CC(O)C45CC6(CCC(O)C6)CC5CC#CC(NC78C=C9C=CCC(CCCCC(C)(CC%10=CN=C(N)C(=C%10)C(C=%11C=CC=C(O)C%11)CC4C3C7)CC=%12C=CC=C%13C(=O)C%14(OC1%14C(=O)C%13%12)CC(=C(C)CCC=%15C=CN=C%16NC(NC)CCC%16%15)CO)C9CC28)C,0.0
720,O=C(OC1C(C)CC(=O)C2=C(O)C3=C(O)C(=CC=C3OC21CO)C=4C=CC=5OC6(C(C(=O)CC(C)C6OC(=O)C)=C(O)C5C4O)CO)C,0.0
237,CCC(C)/C=C(C)/C=C/C1=CC2=C(Cl)C(=O)C3(C)OC(=O)C(C(=O)CC(C)O)C3C2=CO1,1.0
97,C/C=C(\C)C1OC2(CCC1C)CC1CC(C/C=C(\C)CC(C)/C=C/C=C3/COC4C(O)C(C)=CC(C(=O)O1)C34O)O2,1.0
568,O=C(O)C1OC(OC1C)C(C)(C)C,0.0
754,N#CC1=CNC=2N=C(N=C(OC)C12)N,0.0
29,CC(N)/C(O)=N/C(CC(Cl)C1(O)CN=C1O)C(=O)O,1.0
208,CCC1(O)CC(OC2CC(N(C)C)C(O)C(C)O2)c2c(O)c3c(c(O)c2C1O)C(=O)c1cccc(O)c1C3=O,1.0
342,CCCC(=O)OC1CC(=O)N(C)c2cc(cc(OC)c2Cl)C/C(C)=C\C=C/C(OC)C2(O)CC(OC(=O)N2)C(C)C2OC12C,1.0
8,CNC(CC(C)C)C(=O)NC1C(=O)NC(CC(N)=O)C(=O)NC2C(=O)NC3C(=O)NC(C(=O)NC(C(=O)O)c4cc(O)cc(O)c4-c4cc3ccc4O)C(OC3CC(C)(N)C(O)C(C)O3)c3ccc(c(Cl)c3)Oc3cc2cc(c3O)Oc2ccc(cc2Cl)C1O,1.0
244,COC1C(CO)=CC(n2c(Cl)cc3c(=O)c4c(O)c(Cl)cc(C)c4oc32)C(O)C1O,1.0
212,C/C=C/C=C/C(=O)CC(O)CCC(C)C1OC(=O)CC(O)CC(O)CCCC(O)CC(O)CC(O)CC2(O)CC(O)C(C(=O)O)C(CC(OC3OC(C)C(O)C(N)C3O)/C=C\C=C/C=C\C=C/C=C\C=C/C=C\C1C)O2,1.0
901,O=C(C)CCCCCC=CCCCC(C)C,0.0
757,O=C1OC2CC3C(=CC(O)C(O)C3(C)C4C5(O)OCC24C(O)(C1O)C(C)C5O)C,0.0
38,O=C1C=CC(O)C1(O)CO,1.0
198,CCC(C)C1NC(=O)C2CCCN2C(=O)C(Cc2ccccc2)N(C)C(=O)C(Cc2ccccc2)NC(=O)C(C(C)C)N(C)C(=O)C(C(C)CC)OC(=O)C(C(C)C)NC(=O)C(CC(C)C)NC(=O)C(C(C)C)N(C)C1=O,1.0
226,NC1=CC(O)C2OC2C1=O,1.0
518,CC1/C=C\C=C/C=C\C=C/C=C\C=C/C=C\C(OC2OC(C)C(O)C(N)C2O)CC2OC(O)(CC(O)CC(O)CC(O)CCCC(O)CC(O)CC(=O)OC1C(C)CCC(O)CC(=O)c1ccc(N)cc1)CC(O)C2C(=O)O,1.0
596,OC1CC2=CC(=CC=C2OC1(C)C)C=CCOC,0.0
561,O=C(OC1CC(OC(=O)C)C2(C)C3CCC4(C(=CCC4C5COC(=O)C5)C3(C)C(OC(=O)C)CC2C1(C)C)C)C=6C=CC=CC6,0.0
166,CCC(O)C(/C=C(C)/C=C1/C=CC2=NCCC3OC213)OC1CCC(O)C(C)O1,1.0
318,CCC1C(C)OC(O)(C(C)C(O)C(C)C2OC(=O)/C=C\C=C\C(C)C(C(C)C(O)C(C)C3(O)CC(OC4CC(O)C(O)C(C)O4)C(CC)C(C)O3)OC(=O)/C=C/C=C\C2C)CC1OC1CC(O)C(O)C(C)O1,1.0
1039,O=C(OC1=C(O)C(C2=CC=C(O)C=C2)=C(OC(=O)C)C(O)=C1C=3C=CC(O)=CC3)C,0.0
333,CCC1OC(=O)CC(O)C(C)C(OC2OC(C)C(O)C(N(C)C)C2O)C(CC=O)CC(C)C(=O)/C=C\C2(C)OC2C1C,1.0
813,O=C(OCCCCCC)C12OC2(C(=O)C3=CC=CC(=C3C1=O)CC(C)C)CC=C(C)CCC=4C=CN=C(N)C4,0.0
871,O=C(OC)CCC1(C=2C(=O)CC34COC5(OC(C)(CC5)C4CCC3(C2C(=O)CC1C(=C)C)C)CC)C,0.0
525,O=C1C(OC)=C(OC2=C(OC)C(OC)=C(OC)C(OC)=C12)C=3C=C(O)C(OC)=C(O)C3,0.0
305,CC(C)C1CCC(C)C2CCC(C)C3(O)C1C=C(CO)C(O)C23,1.0
774,O=CC(=C)C(O)CO,0.0
186,CC(=O)NC(CCCNC(=O)CC(N)CCCNC(=O)CC(N)CCCN)CC(=O)NC1C(/N=C2/NC3C(=O)NCC(O)C3N2)OC(CO)C(OC(N)=O)C1O,1.0
93,COc1ccc(C2OCC3OC(OC4C(O)CNC24)C(O)C3O)cc1,1.0
647,O=C1OC(C)CC=CCCC=CC(=O)CC=2C=C(O)C=C(O)C12,0.0
323,COC1/C=C/C=C/C=C/CC(OC(=O)C(C)NC(=O)C2CCCCC2)C(C)C(O)/C(C)=C/CCC2=CC(=O)C=C(NC(=O)C1)C2=O,1.0
951,O=C1C2=C3C(CCC4(C)C(CC(CC2)C34O)C(O)(CCC)C5OC5C(O)(C)C(C)(CO)CCC=6C=CN=C(N)C6)C7(C)CCC(O)CC17,0.0
497,CC(CCN(C)C(=N)N)C(N)C(=O)NC1C=CC(n2ccc(N)nc2=O)OC1C(=O)O,1.0
425,COC1(NC(=O)C(C)NC(=O)CCC(N)C(=O)O)CN(S(=O)(=O)O)C1=O,1.0
527,O=C(O)C(=O)CCCC(=O)O,0.0
446,COC1(NC(=O)CCCC(N)C(=O)O)C(=O)N2C(C(=O)O)=C(CSS(=O)(=O)O)CSC21,1.0
280,COC1CCC(OC2CC(C3OC(O)(CO)C(C)CC3C)OC2C2(C)CCC(C3(C)CCC4(CC(O)C(C)C(C(C)C5OC(O)(CC(=O)O)C(C)C(OC6CCC(OC)C(C)O6)C5OC)O4)O3)O2)OC1C,1.0
7,[O-][NH+](O)c1c(C2OCOc3c(Cl)cc(Cl)cc32)[nH]c(Cl)c1Cl,1.0
803,O=C1C=C(OC=2C=C(O)C=C(O)C12)C(C)C,0.0
303,CC1OC(n2c3ccccc3c3c4c(c5c6ccccc6[nH]c5c32)CNC4=O)C(O)C(O)C1O,1.0
585,O=C1OC2C3C1=CC4C(C(=C)C)CC(=O)CC(O)C4(O)C3CC2(O)C,0.0
674,O=C(O)CCC1(C)C(C(=C)CO)CCC2(C)C1CCC3C4C(C(=C)C)CCC4(C)CCC32C,0.0
68,CCCCCCCCCCCCCCCN(C)Cc1ccccc1,1.0
912,O=C1C(O)=CC=2C=CN=C3C4=CC(O)=CC=C4N=C1C23,0.0
185,CNC1C(OC2OC(CO)C(O)C(O)C2O)OC2CC(N)C(OC3C(N)CC(N)C(O)C3O)OC2C1O,1.0
343,C/C=C/C=C/C(=O)NCC(O)CC(N)CC(=O)NCCC(=N)N,1.0
332,CCC(C)CC(C)/C=C(\C)C(OC1OC(CO)C(O)C(O)C1O)C(C)/C=C(\C)C(O)C(C)/C=C(\C)C(O)C(C)/C=C(\C)C(=O)OC(C(O)CO)C(O)C(O)CO,1.0
1004,O=C1OC(OC)(C=C1)CCCCCCCCCCCCCCCC,0.0
153,CCc1cn(C2OC(C(=O)OC)CC(O)C2O)c2cccc(OC)c12,1.0
549,O=C(OCC(OC(=O)C=C(C)C)CO)C=CC=CCCCCCC=CC,0.0
643,O=C1CCC2C(C)(C1)CCC3C2(C)CCC4(C)C5CC(C)(C)CCC5(CO)CCC34C,0.0
618,O=C(OC1CC(O)(CO)C2C(O)C3OC3(C)C2C4OC(=O)C(=C)C14)C(=CCO)C,0.0
1029,O=C1OC(C(=C1C)C)C2OC3(O)CC4C(CC(O)C5(O)CC=CC(=O)C45C)C6CCC(O)(C2C)C63C,0.0
690,O=C(C=C(C=C)C)C(C)CC,0.0
731,O=C1C2=C(C(=C(C=C2C(O)C1C)C)CCOS(=O)(=O)O)C,0.0
684,OCC(C)CCC1(O)OC2CC3C4CCC5=CC(O)CCC5(C)C4CCC3(C)C2C1C,0.0
114,CCC(C)C1/N=C(/O)C2CCCN2C(=O)C(Cc2ccccc2)N(C)C(=O)C(Cc2ccccc2)/N=C(/O)C(C(C)C)N(C)C(=O)C(C(C)C)OC(=O)C(C(C)(C)O)N(C)C(=O)C(CC(C)C)/N=C(/O)C(C(C)C)N(C)C1=O,1.0
659,OC1CC2(O)CCC3C(CCC4(C)C3CC5OC6(OCC(C)CC6)C(C)C54)C2(C)C(O)C1O,0.0
897,O=C1OC(C)CCC(O)C=CC(O)C1,0.0
1038,O=C1OC(C=C1CC(O)CCCCCC(O)C2OC(CC2)C3OC(CCCCC(O)C(O)CCCCCCCCCC)CC3)C,0.0
673,O=C(O)C=CCCCCCCCC,0.0
74,Oc1cc(Cl)c(Cl)c(Cl)c1-n1ccc(Cl)c1Cl,1.0
911,O=C(O)C1(C)C(O)C(O)C(O)C2(C(=O)O)C3C(=CCC12)C4(C)CCC5(C)C(CCC5C4(C)CC3)C(C)C,0.0
383,CCC1(O)CC(OC2CC(N(C)C)C(O)C(C)O2)c2cc3c(c(O)c2C1O)C(=O)c1cccc(O)c1C3=O,1.0
399,CCCC1OC(=O)/C(C)=C\C(C)CCCCC(=O)CCCC(CC)/C=C\C=C(\COC)CCC(O)C(O)CC(O)C/N=C\1O,1.0
478,CCC/C=C/CC1C/C=C\C=C(C)\C=C\C=C\C(O)C(O)/C=C(C)/C=C/C=C/C(=O)N1,1.0
1002,O=C(O)C(N)CCCCN,0.0
1012,O=C1OCC2CCN3CCC(OC(=O)C(O)(CC(=O)OC(C)C(C1)C(C)C)C(C)C)C32,0.0
381,CC1(O)CC(C(=N)O)N=C1c1ncccc1O,1.0
627,O=C1N2CC3CC=CN4C=CCC(C2C=CC1)C43,0.0
791,O=C(O)CC(C=CCC(CC1=CC=C(O)C=C1)CCCCCCC2C=C(CCN)CC2)CNC,0.0
159,CCc1c(O)cc(C(N=C(N)N)C(=O)NCC(=O)O)cc1O,1.0
109,COc1c(CC(C)OC(=O)c2ccccc2)c2c3c(CC(C)OC(=O)c4ccccc4)c(OC)c(=O)c4c(O)cc(OC)c(c5c(OC)cc(O)c(c1=O)c52)c43,1.0
160,NC(=O)NC(C=O)C(O)C(O)C(O)CO,1.0
707,OC1(C)CCC23C(C)CCC(CC4(C)CCC1C42)C3(C)C,0.0
84,CC(=O)N/C=C/S(=O)C1=C(C(=O)O)N2C(=O)/C(=C(\C)CO)C2C1,1.0
269,COc1cc2c(c(C(=O)OC3COC(=O)CC(N)c4cc(O)c(c(Cl)c4)OC4c5ccc3cc5C3=CC=CC34OC3OC(C)(C)C(N(C)C)C(O)C3O)c1)NC(=O)C(C)O2,1.0
931,O=C(O)C12CCC(C)(CO)CC2C3=CC4C#CC5CCCC65C(=O)NC(C(C=7N=CNC7)C(O)C(CNCCNC(=N)NC)C(O)N)C6CC8C(O)C(O)C(C)(CO)C9CCC(C)(C4C89C%10CCCC%10)C3(C)C%11CC=%12NC=NC%12NCC%111,0.0
686,O=CNC(C(=O)OC(CC=CCC=CCCCCC)CC1OC(=O)C1CCCCCC)C(C)CC,0.0
415,COC1C(OC(=O)c2ccc(C)[nH]2)C(O)C(Oc2ccc3c(O)c(NC(=O)c4ccc(O)c(CC=C(C)C)c4)c(=O)oc3c2Cl)OC1(C)C,1.0
959,O=C(OC(CC(=O)CCC1=CC=C(O)C(OC)=C1)C(CC=2C=CNC2)CCCC)C,0.0
881,OC(C=CC12OC2(C)CC(O)CC1(C)C)C,0.0
1036,O=C1C2=C3CCC4C5(C)C6C=CCC78C(=O)C6(C=9C=C(O)C=C(C9)CNC)CCC(NCC(O)(C)CCCC7)(CC4(C%10CC(C=CC%10O)C%11C%12C=CC(O)C(C%12)C%13C=CC(C(O)C%14OC%14(C)C%15CCCC%15C=%16C=C(N)C=C(C%16)CC(C)C)C2C%13%11)C3(C)C1)C85,0.0
299,CNC(=N)NCCC/C=C/CCCC(C)C1OC(=O)/C=C\C=C/C(C)C(O)CC(O)C(C)C(O)CCC(C)C(O)CC2(O)OC(CC(OC(=O)CC(=O)O)CC(O)CC(O)CC(O)/C(C)=C\C=C/C1C)CC(O)C2O,1.0
216,COc1ccc(COC(=O)C(N)C(C)(C)O)c2nc3cccc(C(=O)O)c3nc12,1.0
766,O=CC(O)COP(=O)(O)O,0.0
27,COC1C(CO)=CC(n2c(Cl)cc3c(=O)c4c(O)c(C)cc(Cl)c4oc32)C(O)C1O,1.0
82,C/C=C(\C)C(O)C(C)/C=C/C=C/C/C(C)=C/Cc1nc(OC)c(OC)c(O)c1C,1.0
543,O=C1OC(C)CC(=O)C(=O)CCC(=O)OC(C)CC=C1,0.0
788,OC1CCC2(C)C3C(=C4CCC(C(C)CCCC(C)C)C4(C)CC3)CCC2C1C,0.0
745,O=CC1OC(=O)C2=CC(O)=C(O)C(O)=C2C3=C(O)C(O)=C(O)C=C3C(=O)OC1C(OC(=O)C4=CC(O)=C(O)C(O)=C4OC=5C=C6C(=O)OCC7OC(OC(=O)C8=CC(O)=C(O)C(O)=C8)C9OC(=O)C%10=CC(OC%11=C(O)C(O)=C(O)C=C%11C(=O)O)=C(O)C(O)=C%10C%12=C(O)C(O)=C(O)C=C%12C(=O)OC9C7OC(=O)C%13=CC(O)=C(O)C(O)=C%13C6=C(O)C5O)C(O)COC(=O)C%14=CC(O)=C(O)C(O)=C%14,0.0
575,O=C(OC1C(C)C23OC45OC(C3C6OC6(CO)C(O)C78OC(OC7=O)(C)C(C(C)CCCCCCC4)C82)C1(O5)C(=C)C)C,0.0
569,O=C1OC(C)C(CO)C2OC2C=CC(=O)C(O)(C)CC(C)C(O)C(C=C1)C,0.0
778,O=C(OC)C12CC(=O)C(CC(=O)C(C)CCCC(C)CC(=O)C2C=C(C3=CCC(O)(C)C4OC(CCC(=CC31)C)C(O)(C)CC4)C)C(C)C,0.0
128,C/C=C/C=C/C=C/C(=O)OC1C=C2COC(O)C2(O)C2(C)CCCC(C)(C)C12,1.0
608,O=C(O)C12C=C3CC(CC4CC5CC=6C=CC=C(O)C6C7(C(CO)CCCC57)C34C2C8=CC(O)=C(O)C=C8N1C(=O)C=CC9=CC=C(O)C(=C9)CC%10=CN=CN%10)C(O)CCCN=C(N)N,0.0
319,COC1C(O)CC2OC1(C)n1c3ccccc3c3c4c(c5c6ccccc6n2c5c31)C(=O)NC4,1.0
948,OC(CCC(C)C1CCC2(C)C3CC=C4C(CCC(O)C4(C)C)C3(C)C(O)CC12C)C(O)(C)C,0.0
729,O=C1NC=2N=NNC(=O)C2N1,0.0
388,CC(=O)N(O)CC(O)CP(=O)(O)O,1.0
794,O=C1OC(CCCO)C2C(C=C3C=CCC4C(C=CC2C34)CCCC(C)(CC5=CN=C(N)C=C5)CC=6C=CC=C7C(=O)C8(OC18C(=O)C76)CC=C(C)CC9(NC(=NCCC9)NC)C=%10C=CN=C%11NC(NC)CCC%11%10)NCC,0.0
498,COC1CCC(OC2C(C)C(CC3CC(OC)C(C)C4(O3)OC(C)(C3CCC(C5CCC(C6OC(C)(O)C(C)CC6C)O5)O3)C(OC)C4C)OC(O)(C(C)C(=O)O)C2C)OC1C,1.0
366,C/C=C/C(C)=C/C(C)C(=O)CC1CC(CC(N)=O)CC(=O)O1,1.0
822,O=C1OC(=CC(C)CCCC(=CCCC(=CCCC2=COC=C2)C)C)C(OC(=O)CCCCCCCCCCCCC(C)CC)=C1C,0.0
752,O=C(O)C1C#CC2C(=CC(N)(COC3OC(COC1=O)C(OCCCO)C(O)C43OOC=5C=C6C(OCC7C8=CC=9OC(OC9C(=C8OC67)CC(C)C)CO)=CC5C(C=%10C=CC=C(O)C%10)CC4)C2NC)CNC,0.0
451,[O-][NH+](O)c1c[nH]c(Cl)c1Cl,1.0
189,CC1=CC23C(COC(=O)C2(O)CCl)C(C(=O)O)=CC3C1C,1.0
87,Cn1cc(-c2nc(C(N)=O)cs2)c2c1C(=O)C=C(N)C2=O,1.0
211,CCC(C)C1OC(=O)C(C(C)(C)O)N(C)C(=O)C(CC(C)C)/N=C(/O)C(C(C)C)N(C)C(=O)C(CC(C)C)/N=C(/O)C2CCCN2C(=O)C(Cc2ccccc2)N(C)C(=O)C(Cc2ccccc2)/N=C(/O)C(C(C)C)N(C)C1=O,1.0
279,CCC1OC(=O)C(C)C(OC2CC(C)(O)C(O)C(C)O2)C(C)C(O)C(C)(O)CC(C)C(=O)C(C)C(O)C1C,1.0
12,CCC(C)C1OC(=O)C(C(C)(C)O)N(C)C(=O)C(CC(C)C)/N=C(/O)C(C(C)C)/N=C(/O)C(C(C)CC)/N=C(/O)C2CCCN2C(=O)C(Cc2ccccc2)N(C)C(=O)C(Cc2ccccc2)/N=C(/O)C(C(C)C)N(C)C1=O,1.0
628,O=C(OC1C2OC(=O)C3C=4C=COC4CC(C32)C5(C(=O)CCC(C)(C)C15O)C)C,0.0
400,CCCCCCc1c(O)cc(CCC)cc1O,1.0
387,CC1C=C2C=CC(C)C(CCC3CC(O)CC(=O)O3)C2C(O)C1,1.0
802,O=C1C=C(CCC1(O)C)C2(C)CCCC2(C)C,0.0
461,COc1cc2cc(c1Cl)N(C)C(=O)CC(OC(=O)CC(C)C)C1(C)OC1C(C)C1CC(O)(NC(=O)O1)C(OC)/C=C\C=C(\C)C2,1.0
909,O=C1OC(=CC(CCO)CCC(C)C)C23C1=CC(CC2)C4CCC=5C(OC(=O)C5C43)=CCCC,0.0
868,O=C(C=1C=CNC1)CCC(=O)C=2C(O)=C3C(O)=CC(OC)=CC3=CC2C,0.0
79,CCC(C)(NC(=O)C(CCC(N)=O)NC(=O)C1CC(O)CN1C(=O)C(C)(C)NC(=O)C(C)(C)NC(=O)C(CC(C)C)NC(=O)CNC(=O)C(NC(=O)C(C)(C)NC(=O)C(C)(C)NC(=O)C(C)(C)NC(=O)C(Cc1ccccc1)NC(C)=O)C(C)C)C(=O)N1CC(O)CC1C(=O)NC(C)(C)C(=O)NC(CO)Cc1ccccc1,1.0
687,O=C(C1=CC=C(O)C(O)=C1)C=2C(=O)C3(C(=O)C(C2O)(CC=C(C)C)CC(CC=C(C)CCC=C(C)C)C3(C)CCC=C(C)C)CC=C(C)C,0.0
845,OC=1C=CC=2C3=C(OCCO)C=C4OC5(C6=CC(OCCC(C)C)=C(O)C(OC)=C6O)CCC78SSCCC(C)C(CC7)CC(C2C1)C(C3=C4C8C5O)CO,0.0
900,O=C1OC2(C=3C=CC=C(C13)CCCN)C4CC5C=C6C7C8=C9CCC%102C(OC(=O)C84%10)=C(O)CC%11N%12CC%13CC(CN%14C%15=C(CCC%14%13)CC(C)C(C7)(CC6CSSCC%16C5CCCC%17%16CCCC%17)C%159)C%12CC#CC%18CCCC%19%18CCCC%20%19CC%11CC%21%20CCCC%21,0.0
927,O=C(OCC1C2=CC=C3C=4C(OC)=CC(O)=CC4CCC3=C2OC1C5=CC(OC)=C(O)C=C5CNC(C=6C=CC=C(C6)CO)C7CCCC7)C,0.0
401,COc1cc(O)c2c(c1)C(=O)c1c(cc3c(c1O)-c1c(cc(C)c(C(=O)NC(C)C(=O)O)c1O)C(OC1OC(C)C(N)C(OC4OCC(O)C(O)C4O)C1O)C3O)C2=O,1.0
678,O=C1OCC23CC(O)C45C(=O)OC(C6=COC=C6)C4C5(C)C3CC=CC12,0.0
592,OC1CCC23CC43CCC5(C)C(CCC5(C)C4(C)CCC2C1(C)C)C(C)CCC=C(C)C,0.0
761,O=C1NC(NC=2C=CC=CC12)(C)C,0.0
876,O=C(OC1CC2(C(=O)O)C(O)CC3(C(=CCC4C5(C)CCC(O)C(C)(C)C5CCC43C)C2CC1(C)C)C)C(=CCCC(O)(C=C)C)C,0.0
242,CC(O)(/C=C/C1OC(=O)C=CC1O)C(CC(O)/C=C/C=C/C=C/CO)OP(=O)(O)O,1.0
349,COC1CC(CC2CCC(C)C(C(C)C(=O)O)O2)OC2(OC(C)(C3CCC(C)(C4OC(C5OC(O)(CO)C(C)CC5C)CC4C)O3)CC2C)C1C,1.0
471,CCC(=O)OC1CC(=O)OC(C)C/C=C/C=C\C(=O)C(C)CC(CC=O)C(OC2OC(C)C(OC3CC(C)(O)C(OC(=O)CC)C(C)O3)C(N(C)C)C2O)C1OC,1.0
854,O=C1C(O)=C(OC=2C=C(O)C=C(O)C12)C=3C=CC(O)=C(OC)C3,0.0
740,OC1=CC=C2C3=C(OCCO)C=C4OC5(C6=CC(OCCC(C)C)=C(O)C(OC)=C6O)CCC78SSC9C%10=C(C=%11C=CNC%11)CC(C9)C(CC7)CC(C2=C1)C(C3=C4C8C5O)(CO)CSSC%10%12CCCC%12,0.0
300,C=CC(C)(C)C1(C)OC=CC1(C)CC(=O)C(O)C(OC)C(C)O,1.0
99,CCC(C)C(/N=C(\C)O)/C(O)=N/C(Cc1ccc(O)cc1)/C(O)=N/C(Cc1ccc(O)cc1)P(=O)(O)O,1.0
565,O=C1C2=CC=C(OC)C=C2C(=O)C3(O)C1=CC4=CCCC4=C3C,0.0
916,O=C(O)C=C(C)CCC1=C(C)CC(O)C2C1(C)CCC(OC(=O)CCCC)C2(C)CO,0.0
133,CNC(CC(C)C)/C(O)=N/C1/C(O)=N/C(CC(=N)O)/C(O)=N/C2/C(O)=N/C3/C(O)=N/C(/C(O)=N\C(C(=O)O)c4cc(O)cc(O)c4-c4cc3ccc4O)C(OC3CC(C)(N)C(O)C(C)O3)c3ccc(c(Cl)c3)Oc3cc2cc(c3OC2OC(CO)C(O)C(O)C2OC2CC(O)C(O)C(C)O2)Oc2ccc(cc2)C1O,1.0
33,CN1CC(O)C2NC(NC3OC(CO)C(OC(N)=O)C(O)C3N(C)C(=O)C/N=C/N)=NC2C1=O,1.0
223,COC1CCC(OC2(C)C(CC3CC(OC)C(C)C4(O3)OC(C)(C3CCC(C5CCC(C6OC(C)(O)C(C)CC6C)O5)O3)C(OC)C4C)OC(O)(C(C)C(=O)O)C(C)C2OC)OC1C,1.0
810,OC=1C=C(C=C(C1)C(C)(C)C)C(C)(C)C,0.0
20,CCC(C(=O)C(C)C(O)C(C)C1OC(O)(CC(=O)O)C(CC)C(O)C1C)C1OC(C)(C2(O)OC(CC)(C(O)CC)CC2C)CC1C,1.0
22,CCCCCCC/C=C/C=C/C(O)=N/C(/C(O)=N/C1CC(O)CC/N=C(O)/C=C\C(CO)/N=C\1O)C(C)O,1.0
928,O=C1CCC2=CC=C(O)C(OCO)=C2C#CCC=3C=C(C4=C5OC(O)C(C4)C6CSSCC(NC(=NC6C#CC78C=CC(C7)C(CC9CCCCC98NCOC53)C(OC)CO)N)C(C)C)CCC(O)C1,0.0
311,COc1cc(O)c2c(=O)oc(CO)cc2c1,1.0
165,C/C=C/C=C/C1OC(O)(C(CC)C(=O)NC/C=C/C=C(\C)C(OC)C(C)C(O)C(O)/C=C/C=C/C=C/C=C(\C)C(=O)c2c(O)ccn(C)c2=O)CC(O)C1(C)C,1.0
474,CNC(CC(C)C)C(=O)NC1C(=O)NC(CC(N)=O)C(=O)NC2C(=O)NC3C(=O)NC(C(=O)NC(C(=O)O)c4cc(O)cc(O)c4C4=C(O)C=CC3C4)C(OC3CC(C)(N)C(O)C(C)O3)c3ccc(cc3)Oc3cc2cc(c3OC2OC(CO)C(O)C(O)C2OC2OC(C)C(O)C(O)C2O)Oc2ccc(cc2)C1O,1.0
985,O=P(O)(O)OP(=O)(O)OP(=O)(O)OP(=O)(O)OP(=O)(O)OCC1OC(N2C=NC=3C(=NC=NC32)N)C(O)C1O,0.0
1005,O=C(OC1C2=CC(=O)C3(OC3C2(C)C(C)CC1)C(=C)CO)C(C)C(O)C(=CC(C)CC)C,0.0
935,O=C(O)CCC1(C)C(CCC2(C)C1CCC3C4C(C(=C)C)CCC4(C)CCC32C)C(C)C,0.0
283,CCC(C)C1NC(=O)C(CCC(=O)O)N(C)C(=O)C(C(C)C)N(C)C(=O)CNC(=O)C2CCCN2C(=O)C(Cc2ccccc2)NC(=O)C(C(C)CC)OC(=O)C(CCC(=O)O)N(C)C(=O)C(C(C)C)NC(=O)C2CCCCN2C1=O,1.0
973,O=C1OC2C(C=CC=CC=C(C=C(C)C(O)C(=CC)C)C)(C)C1(C(=O)C2(C)C)C,0.0
532,N=C(NC)NC(NC(=N)NC)C1CCC(C1)C2(C)CC3C(=CCO)CC4(CCC(CCC5(O)CCCC(O)C5)C4)C6OC6(C)CCC32,0.0
65,CCC(=O)N/C=C/SC1=C(C(=O)O)N2C(=O)C(C(C)OS(=O)(=O)O)C2C1,1.0
975,O=C(O)C1C23OC(=O)C(C=C2CC(=O)OC)C(C)(C)C3CCC1(C=C)C,0.0
986,O=C1OC2C=C1CCC(C(=C)C)C(O)C(=O)C(=C(O)C(=O)C2C(=C)C)C,0.0
950,O=C1C2=C(C)C3(OC4CC(C)CNC4C3C)CCC2C5CC(O)C6CC(O)CC(O)C6(C)C15,0.0
1020,C=C1C=CC2=C1C=C(C(=C)C)CC=C2C,0.0
620,O=C(O)C(N)C(C)CCN=C(N)N,0.0
978,O=C(O)C(O)(C=1C=C2C=3N=C4C=CC=CC4=CC3CN2C(=O)C1CO)CC,0.0
378,CNC1C(O)C(OC2C(O)CC(N)C(OC3OC(C(C)N)CCC3N)C2O)OCC1(C)O,1.0
574,O=C1C=C(C)C2CC(C(O)CC2(C)C1)C(O)(C)C,0.0
827,O=C1N=C2C(=NC=3C=C(C(=CC3N2C)C)C)C(=O)N1,0.0
308,COC1=C(C)C(=O)C2=C(C1=O)C1COC3C4CC5C(N4)C(C2N2CCOC52)N13,1.0
459,COC1CC(C)OC(OC2C(C)/C=C\C(=O)OC(C)C(COC3OC(C)C(O)C(OC)C3OC)/C=C\CCC(=O)C(C)CC2C)C1O,1.0
482,C=C1OC(=O)C(C(=O)CCCCCCCCC)=C1O,1.0
416,COC1CCC(O)c2c1oc1c3c4c(c(O)c1c2=O)-c1c(cc2cc(C)n(N)c(=O)c2c1O)CC4OCO3,1.0
327,CSC1SCC2C(=O)N(C)C(C(C)C(C)C)C(=O)OCC(NC(=O)c3cnc4ccccc4n3)C(=O)NC(C)C(=O)N(C)C1C(=O)N(C)C(C(C)C(C)C)C(=O)OCC(NC(=O)c1cnc3ccccc3n1)C(=O)NC(C)C(=O)N2C,1.0
892,O=C1C(O)=CNC=2C(O)=CC=C(O)C12,0.0
1010,OC=1C=C2C(=CC1OC)CCN3CC(CC)C(CC4NCCC=5C=6C=CC=CC6NC54)CC23,0.0
817,O=C(C=CC1C2CCC(=O)C3OC(=O)C1(C)C32)C,0.0
773,OCC12OC2C(O)C3C=COC(O)C31,0.0
372,CSCS(=O)CC(CO)NC(=O)/C=C/c1c(C)[nH]c(=O)[nH]c1=O,1.0
249,Nc1nc(Cl)nc2c1ncn2C1OC(COS(N)(=O)=O)C(O)C1O,1.0
402,O=CNc1c2sscc-2[nH]c1=O,1.0
39,CC(C)=CC(=O)Nc1ccn(C2CC(O)C(OC3OC(C)C(N(C)C)C(O)C3O)C(C)O2)c(=O)n1,1.0
107,COc1cc2c(c3c1C(=O)CC(C)O3)CCO2,1.0
426,CNc1ccc(C(=O)Nc2ccn(C3CC(O)C(OC4OC(C)C(N(C)C)C(O)C4O)C(C)O3)c(=O)n2)cc1,1.0
473,COC1(NC(=O)CCCC(N)C(=O)O)C(=O)N2C(C(=O)O)=C(CO)CSC21,1.0
709,O=C(O)C=C(C)CCC1C(=O)CCC2C(C(=O)CCC12C)(C)C,0.0
359,NC1CCCC1C(=O)O,1.0
130,CCC1(C2OC(C3OC(O)(COC(=O)NCCc4ccccc4)C(C)CC3C)CC2C)CCC(C2(C)CCC3(CC(O)C(C)C(C(C)C(OC)C(C)C(=O)O)O3)O2)O1,1.0
612,O=C(C=CC=CC=CC(CO)CC)C=1C(=O)NC=C(C1O)C2(O)CCC(O)CC2,0.0
785,ClC1=C(O)C(=C(O)C=C1CCCCCC(Cl)CCCCCCCCC)CCCCCC(Cl)CCCCCC,0.0
137,CNC1CC(NC)C(O)C(OC2OC(CO)C(O)C3OC4(OC(C(N)CO)C(O)C(O)C4O)OC23)C1O,1.0
126,CC1OC1P(=O)(O)OP(=O)(O)OCC1OC(n2cnc3c(N)ncnc32)C(O)C1O,1.0
490,C=Cc1cc(OC)c2c(c1)c(=O)oc1c2cc(OC)c2c(O)ccc(C3OC(C(C)O)C(O)C3O)c21,1.0
365,CC(C)C(N)C(=O)NC(C(=O)O)/C(Cl)=C/C(=O)O,1.0
13,CCC(C)C1/N=C(/O)C2CCCN2C(=O)C(Cc2ccccc2)N(C)C(=O)C(Cc2ccccc2)/N=C(/O)C(C(C)C)N(C)C(=O)C(C(C)C)OC(=O)C(C(C)C)N(C)C(=O)C(CC(C)C)/N=C(/O)C(C(C)C)N(C)C1=O,1.0
895,O=C(O)C1C#CC2C(=CC(N)(COC3OC(COC1=O)C(O)C(O)C43OOC=5C=C6C(OCC7C8=CC=9OC(OC9C(=C8OC67)CC(C)C)CO)=CC5C%10C=%11C=C(O)C=CC%11C=CC%10C4)C2NC)CNC,0.0
807,O=C(OCC=1C=CC=C(OC)C1)C=2C=CC=CC2,0.0
377,CCC(N)C(O)C(O)C(C)C(=O)NC(CC(C)C)C1Cc2cccc(O)c2C(=O)O1,1.0
172,COc1ccc(=O)n(O)c1C,1.0
255,CCC(C(=O)O)C1CCC(C)C(C(C)C(O)C(C)C(=O)C(CC)C2OC3(C=CC(O)C4(CCC(C)(C5CCC(O)(CC)C(C)O5)O4)O3)C(C)CC2C)O1,1.0
1001,O=C1OC(C)C(C)CCC=C(C)C(OC)C=CC(O)(C)CC1,0.0
324,Nc1ccn(C2OC(COP(=O)(O)OP(=O)(O)OCCN(O)C=O)C(O)C2O)c(=O)n1,1.0
227,C=C1OC(=O)C(C(=O)CCCCCCCCCCC)=C1O,1.0
692,O=C1OC(C(=O)N(C)C(C(=O)OC(C(=O)N(C)C(C(=O)OC(C(=O)NC1C(C)C)C(C)C)C(C)C)C(C)C)C(C)C)C(C)C,0.0
393,CC(=O)N/C=C/S(=O)C1=C(C(=O)O)N2C(=O)C(C(C)(C)OS(=O)(=O)O)C2C1,1.0
197,CCC(C)CC(C)/C=C(\C)C(OC1OC(CO)C(O)C(O)C1O)C(C)/C=C(\C)C(O)C(C)/C=C(\C)C(O)C(C)/C=C(\C)C(=O)OC(CO)C(O)C(O)C(O)CO,1.0
135,COC1C(C)C(C(C)C2OC3(CCC(C)(C4CCC(C)(C5OC(C6OC(C)(O)C(C)CC6C)CC5C)O4)O3)CC(O)C2C)OC(O)(C(C)C(=O)O)C1C,1.0
646,O=C1C=CC(=O)C2=C(OC)C(=CC(O)=C12)C(CC=C(C)C)CC(=O)C,0.0
556,O=C1C=C2C(CCC3(C)C(CCC23O)C(C)C(O)CC(O)C(O)(C)C)C4(C)CC(O)C(O)CC14,0.0
920,O=CC1=COC=C1CC(C2=CCC(C)(C)C2)C,0.0
224,CCCC1Cc2cc3c(c(O)c2C(=O)O1)-c1c(c(OC)c2oc4ccc(OC5CC(O)C(OC6CC(O)C(OC7CC(OC)C(O)C(C)O7)C(C)O6)C(C)O5)c(O)c4c(=O)c2c1O)C(O)C3O,1.0
730,OOC(C(=C)C)CCC(O)(C)C1CCC2(C)C1C(O)CC3C4(C)CCC(O)C(C)(C)C4C(O)CC32C,0.0
358,CCCCCC(O)C1C(=O)OC(C)C(O)/C=C\C=C/C=C\C=C/C=C(/C)C(O)C(O)C(O)CC(O)CC(O)CC(O)CC(O)CC1O,1.0
331,O=C1NC(O)C(C(O)C(O)C(O)CO)N1,1.0
846,O=C(OC1CC(=CC2OC(=O)C3(OC23C(O)C4C(C)C(O)C=CC4(C)C1OC(=O)C)C)C)C,0.0
466,COC(=O)NC1C(C)OC(OC2C/C=C(/C)C3C=CC4C(OC5CC(OC6CCC(OC7CC(O)C(O)C(C)O7)C(C)O6)C(OC(C)=O)C(C)O5)C(C)CC(C)C4C3(C)C(=O)C3=C(O)C4(CC(C=O)=CC(O)C4/C=C\2C)OC3=O)CC1(C)[NH+]([O-])O,1.0
712,O1C2(C=CC(=CC=CC=C(C=CC=C(C=CC3=C(C)CCCC3(C)C)C)C)C)C1(C)CCCC2(C)C,0.0
508,CC(/C=C/C1OC(=O)C=CC1C)=C\C(C)C/C=C/C(C)=C/C(CO)C(=O)C(C)C(O)C(C)C/C(C)=C/C(=O)O,1.0
641,O=C1C=2C=CN=CC2C(C)C1,0.0
696,O=C(O)C12CCC(C)C(O)(C)C2C3=CCC4C5(C)CCC(O)C(C(=O)O)(C)C5CCC4(C)C3(C)CC1,0.0
145,CCC1OC(=O)CC(O)C(C)C(OC2OC(C)CC(N(C)C)C2O)C(CC(=O)O)CC(C)C(=O)/C=C\C2(C)OC2C1C,1.0
90,CC(C)C(N)/C(O)=N/C(C(=O)O)C(O)C1CN2C(=O)CC2O1,1.0
1022,OC1CC(C2=CC3(C)CCC(C)(C)C3C4CCC(C)C214)C,0.0
783,OC1=CC=C2OC=3C(OC)=C(C(O)=CC3C2=C1)C=4C=CC(OC)=CC4,0.0
61,CCC1(O)CC(OC2CC(N(C)C)C(OC3CC(O)C(OC4CC(O)C(O)C(C)O4)C(C)O3)C(C)O2)c2c(cc3c(c2O)C(=O)c2c(O)cccc2C3=O)C1C(=O)OC,1.0
418,CCCCCCC1OC(=O)CNC(=O)C(C(C)O)NC(=O)C(CO)NC(=O)C(C(C)CC)NC(=O)C(CC(C)C)N(C)C(=O)C1C,1.0
483,COC1C(CO)OC(n2c(Cl)cc3c(=O)c4c(O)c(C)cc(Cl)c4oc32)C(O)C1O,1.0
19,C=C(C)C1CC2(CO)C(=CC1=O)CCC(O)C2C,1.0
454,CCC1(O)CC(OC2CC(N(C)C)C(OC3CC4OC5CC(=O)C(C)OC5OC4C(C)O3)C(C)O2)c2c(cc3c(c2O)C(=O)c2c(O)ccc(O)c2C3=O)C1C(=O)OC,1.0
734,O=C(N)NC=C1NC(=O)C(NC(=O)C(NC(=O)C(N)CNC(=O)C(NC1=O)C2NC(=NCC2)N)CO)CNC(=O)CC(N)CCCN,0.0
187,COC(=O)/C=C(\OC)C(C)C(/C=C/c1csc(-c2csc(C(C)C)n2)n1)OC,1.0
675,O=C1OC2(C=3C=CC=C(C13)CCCN)C4CCCCC5=CC=CC(=C5)CC6CC7=C8CCC92C(OC(=O)C749)=CCC(N%10CC%11CN%12C%13=C(CCC%12C(C%10)C%11)CC(C)C6C%138)CC%14CCCCC%14,0.0
116,C=CC1OC1(C)CC(C)/C(C)=C/C=C(C)/C=C(OC)/C(=C/C(=O)OC)OC,1.0
312,CCC1(O)CC(OC2CC(N(C)C)C(OC3CC(O)C(OC4CCC(=O)C(C)O4)C(C)O3)C(C)O2)c2c(cc3c(c2O)C(=O)c2c(O)cccc2C3=O)C1C(=O)OC,1.0
981,O=C(C(Br)=C(Cl)Br)C(Cl)CCCC,0.0
704,O=C1OC(O)C(=C1)C2CC=C3C2(C)CCC4C5(C=CC(=O)C(C)(C)C5CC(OC(=O)C)C34C)C,0.0
295,CNC(CC(C)C)C(=O)NC1C(=O)NC(CC(N)=O)C(=O)NC2C(=O)NC3C(=O)NC(C(=O)NC(C(=O)O)c4cc(O)cc(O)c4-c4cc3ccc4O)C(OC3CC(C)(N)C(O)C(C)O3)c3ccc(c(Cl)c3)Oc3cc2cc(c3OC2OC(CO)C(O)C(O)C2OC2CC(C)(N)C(O)C(C)O2)Oc2ccc(cc2Cl)C1O,1.0
132,CC1OC(OC2C(CO)OC(OC3C(CO)OC(OC(C(O)CO)C(O)C(O)C=O)C(O)C3O)C(O)C2O)C(O)C(O)C1NC1C(O)C(O)C(O)C(CO)C1O,1.0
443,C/C1=C\C(O)C(=O)/C=C\C=C\c2csc(n2)C(C)NC(=O)CC2(CC1)S(=O)SC(=O)C2(C)O,1.0
75,CCCCC/C=C/CC/C=C/C=C/C(O)=N/C(/C(O)=N/C1CC(O)CC/N=C(O)/C=C\C(C)/N=C\1O)C(C)O,1.0
142,CC(=O)N(O)CCCP(=O)(O)O,1.0
395,CCC1(O)CC(OC2CC(N(C)C)C(OC3CC(O)C(OC4C=CC(=O)C(C)O4)C(C)O3)C(C)O2)c2c(cc3c(c2O)C(=O)c2c(O)cccc2C3=O)C1C(=O)OC,1.0
301,CCCC(C(=O)c1cc(C(OC)C(C)C)c(O)c(C=O)c1O)C1CC(O)C2(OC2CC)C(O)O1,1.0
111,CCCCCCCCC/C=C/C=C/C(O)=N/C(/C(O)=N/C1CC(O)CC/N=C(O)/C=C\C(C)/N=C\1O)C(C)O,1.0
995,O=CC1=CCCC2(C)CCC(C(=C)C)CC12,0.0
953,O=C(O)C1(C)CC2C3=CCC4C5(C)CCC(O)C(C)(CO)C5CCC4(C)C3(C)CC(=C)C2(C)CC1O,0.0
538,O=C(OCC(CC)CC)C=1C=CC=CC1C(=O)OCC(CC)CC,0.0
520,COc1c(O)c2c(c3cc(C(=O)N4CCc5c4c(O)c(OC)c4[nH]c(C(=O)N6CC7CC78C6=CC(=O)c6[nH]cc(C)c68)cc54)[nH]c13)CCN2C(N)=O,1.0
998,O=C(OC)CC(C(=O)O)C(OCC1C(=C)CCC2C(C)(COC(=O)C(CC(=O)OC)C(OCC3C(=C)CCC4C(C)(CO)CCCC34C)C(=O)OC)CCCC12C)C(=O)OC,0.0
78,CC(OS(=O)(=O)O)C1C(=O)N2C(C(=O)O)=C(S(=O)O)CC12,1.0
866,O=C1C=2C(OC)=CC(O)=CC2OCC1C=3C=C(O)C=4OC(C=CC4C3)(C)C,0.0
182,COC(CO)C(=O)OC(C)c1cccc2nc3c(C(=O)O)cccc3nc12,1.0
664,O=C1C(O)=C(OC2=CC(OC)=C(O)C(O)=C12)C=3C=CC(O)=C(O)C3,0.0
203,NC1C(=O)NC2Cc3ccc(c(Cl)c3)Oc3cc4cc(c3O)Oc3ccc(cc3Cl)C(O)C3NC(=O)C(NC(=O)C4NC(=O)C(NC2=O)c2cc(O)cc(c2)Oc2cc1ccc2OS(=O)(=O)O)c1cc(Cl)c(O)c(c1)C1C(O)=CC(O)=CC1C(C(=O)O)NC3=O,1.0
656,O=C1OC=2C=C(OC3OC(CO)C4OCCOC4C3O)C=CC2C=C1,0.0
138,O=C(c1cc(Cl)c(Cl)[nH]1)c1cc(Cl)cc(Cl)c1O,1.0
622,OC1=CC=CC(=C1O)CCC=2C=C(O)C(=C3OC(C=CC32)(C)C)C,0.0
590,OCC(O)(C)C(C=CC(C)C1CC(O)C2(O)C3(O)CC(O)C4(O)C(O)C(O)CCC4(C)C3CCC12C)C,0.0
119,CNC1C(O)C(OC2C(N)CC(N)C(OC3OC(C(C)O)C(O)C(O)C3N)C2O)OCC1(C)O,1.0
996,O=CC1CCCC21CC3CC4C5=CN=C6NCSSCC78C(=O)C=9C(OC%10%11OC%12(CO)C(O)C(O)(C%10O)C(C(C4)C%12CC%11)C%133C5=C6CCC%132)=CC=CC9C(=O)C8C=C(C=C7O)CC=%14C=CC=C(C%14)CO,0.0
583,OC(C=C(C)C)CC(=CC(O)CC(O)(C=C)C)C,0.0
404,CCC1CC2(C)C=C(C(=O)O)C(C)CC23NC(=O)C(C(=O)C2(C)C(C=CC4C(OC5CCC(OC6CC(C)(O)C(OC7CC(OC(=O)c8cc9c([nH]8)[nH]c8ccc(Cl)cc89)C(N)C(C)O7)C(C)O6)C(C)O5)CCCC42)CC1O)C3O,1.0
636,O=C1OC2CC(OC3(OC(CC)C(C)CC3)C2)CC=C(C)CC(C=CC=C(CO)C4(O)C(O)C(OC)C(=CC14)C)C,0.0
51,COC1CCC(OC2CC(C(C)/C=C(\C)C(=O)C(C)CC(C)C(=O)O)OC3(CCC(C)(C4CCC(C)C5(OC(C6OC(O)(CO)C(C)CC6C)CC5C)O4)O3)C2C)OC1C,1.0
539,O=C(OC1C(O)(OC(=O)C=CC2=CC=C(O)C(O)=C2)C(O)CC(O)(C(=O)O)C31CCCC3)C=CC4=CC=C(O)C(O)=C4,0.0
452,CCC(C)C1OC(=O)C(C(C)C)N(C)C(=O)C(CC(C)C)/N=C(/O)C(C(C)C)/N=C(/O)C(C(C)CC)/N=C(/O)C2CCCN2C(=O)C(Cc2ccccc2)N(C)C(=O)C(Cc2ccccc2)/N=C(/O)C(C(C)C)N(C)C1=O,1.0
1016,O=C(CCC1=CC=C2OC#CC3(CCCC3)C4C#CC(O)C5=CC=C6C(C=CNC6N)=C5CC7=CNC8=CN(C=C87)C4OC2=C1)C(CCCCC)C(O)CCCCC,0.0
763,O=C(O)CCC(C)C1CC(O)C2(C3=CCC4C(C(=O)CCC4(C3=CCC12C)C)(C)C)C,0.0
495,COc1cccc2c1C(=O)c1c(O)c3c(c(O)c1C2=O)CC(O)(C(C)=O)CC3OC1CC2NC(C3C(=O)NC(=O)NC3=O)C(C)OC(CC(C)O)OC2C(C)O1,1.0
181,CC(=O)NCCS(=O)C1=C(C(=O)O)N2C(=O)C(C(C)(C)OS(=O)(=O)O)C2C1,1.0
898,O=C(OC)C(NC(=O)C1=CC=C(Br)C=C1)CC,0.0
676,O=C(O)C1CCC2(C(=CCC3C4(C)CCC(O)C(C)(C)C4CCC32C)C1(C)C)C,0.0
869,O=C(OC1CC2C(C)CN(C)CC2C1C)C=C(C)CCC3C(C(=O)OC4CC5C(C)CN(C)CC5C4C)C(C6=CC=C(O)C(OC)=C6)C3C(=O)OC7CC8C(C)CN(C)CC8C7C,0.0
836,ClC(Cl)C=C(C)C(Br)CC(Br)C(=C)C,0.0
206,NC1CC(N)C(OC2OC(CO)C(O)C(O)C2N)C(O)C1OC1OCC(O)C(O)C1N,1.0
282,CC(=O)NCCS(=O)C1=C(C(=O)O)N2C(=O)C(C(C)(C)O)C2C1,1.0
347,CC(C)C1CCC/C=C\C=C/C=C\C=C/C(OC2OC(C)C(O)C(N)C2O)CC2OC(O)(CC(O)CC(O)C(O)CCC(=O)O1)CC(O)C2C(=O)O,1.0
870,O=C(O)CC1(O)CNC2(C)CC(N)NC(CC3=CC=CC(=C3)CC4C5(O)C6C=CC4(CCCCC1)CCC5C7N(C6)C(C)C(O)CC7N8C=NC=C8)C2,0.0
516,CCC(C)C1OC(=O)C(C(C)C)N(C)C(=O)C(CC(C)C)/N=C(/O)C(C(C)C)N(C)C(=O)C(C(C)C)/N=C(/O)C2CCCN2C(=O)C(Cc2ccccc2)N(C)C(=O)C(Cc2ccccc2)/N=C(/O)C(C(C)C)N(C)C1=O,1.0
102,C=C(NC(=O)c1ccc2c(n1)-c1nc(oc1C)C(C)NC(=O)c1csc(n1)C(C)NC(=O)c1nc(oc1C)CNC(=O)C(C(C)C)NC(=O)c1csc-2n1)C(N)=O,1.0
882,O=C(OC1CC(=O)CC(C2=CC=C(O)C(OC)=C2)N3C=C4C=CC=C(NC5=NC=CC(=C5)C(C=6C=CC=C(O)C6)CC7=CNC=C7C8C=CCCC8CC1)C4=C3)C,0.0
449,CCC1OC(=O)CC(O)C(C)C(OC2OC(C)C(OC3CC(C)(O)C(O)C(C)O3)C(N(C)C)C2O)C(CC=O)CC(C)C(=O)/C=C\C(C)=C\C1COC1OC(C)C(O)C(O)C1O,1.0
849,O=C(NC(C(=O)N1CCC2OC=3C=CC(OC)=C(C=CNC(=O)C(NC(=O)C12)C(C)CC)C3)C(C)C)C(NC)C,0.0
1043,OC1=CC=CC=2OC(C)C(O)C=3C(O)=CC=CC3OC(C)C(O)C12,0.0
1032,O=C1C(C(=O)C)=C(O)C2N1C(C)(C)C3CC=4C=CC=C5C4C(C(=O)N5C)C23,0.0
105,CC(=O)NCCSC1=C(C(=O)O)N2C(=O)C(C(C)O)C2C1,1.0
764,O=C1C(OC=2C1=CC=C(O)C2C)=CC3=CC=C(O)C=C3,0.0
970,O=C(O)CC(C=1C(=O)C(C(O)=C2C(=O)C(C)C(OC21)C)(CCC(=C)C)CC3CC(C(=C)C)C3(C)C)CCC,0.0
1000,O=C(OC(CC(=O)CC(C1=CC=C(O)C(OC)=C1)CCCO)CCC2=CC=C(O)C(OCCO)=C2)C,0.0
477,NC(N)=NCC(O)CC(O)(C(=O)O)C1OC(n2cc(CO)c(N)nc2=O)C=CC1NC(=O)C(N)CO,1.0
49,COc1cc2c(cc1O)N=CC1CCC(O)N1C2=O,1.0
184,CNC(=NCCCCC/C=C(\C)CC(C)C1OC(=O)C(C)C(O)/C(C)=C\CC(O)C(C)C(O)CC(O)C(C)C(O)CCC(C)C(O)CC2OC(CC(OC(=O)CC(=O)O)CC(O)CC(O)C(O)C(C)C(O)C(O)/C=C\C=C/C1C)CC(O)C2O)NC,1.0
670,O=C1NC(C(=O)N(C)C(C(=O)N(C)C(C(=O)N(C)C(C(=O)N(C)C(C(=O)NC(C(=O)N(C)C(C(=O)N(C)C(C(=O)NC(C(=O)N(C)C(C(=O)NC1C)CCC(C)C)C(C)C)C(C)CN2CC(OCC2C)C)C)CC)C(O)C(C)CC=CC)C(C)C)CCC(C)C)CC(C)C)C,0.0
225,CC(O)C1C(=O)N2C1CC(SCCNC(=O)CCNC(=O)C(O)C(C)(C)CO)C2C(=O)O,1.0
655,O=C(C=CC(=CC(CO)CC)C)C=1C(=O)N(OC2CC(=O)CCC(OC(=O)CC2O)C)C=C(C1O)C=3C=CC(O)=CC3,0.0
801,OCOC=1C=C2C3=C(C1OCO)C4=CC(OC)=C(OC)C=C4CC3N(C)CC2,0.0
779,O=C1C2=C(O)C=C(OC)C=C2OC3=C1C(O)CCC3O,0.0
759,O=C(C(=CC=CC(=CC=CC=C(C=CC=C(C#CC1=C(C)CC(O)CC1(C)C)C)C)C)C)CC23OC3(C)CC(O)CC2(C)C,0.0
795,O=P(O)(O)OCCO,0.0
304,COC(C(C)C(=O)O)C(C)C1OC2(CCC(C)(C3CCC(C)(C4OC(C5OC(O)(COC(=O)NCCc6ccccc6)C(C)CC5C)CC4C)O3)O2)CC(O)C1C,1.0
653,O=CC12CC=C3C(CCC4C3(C)CCC5C(C(=O)CCC54C)(C)C)C2CC(C)(C)CC1,0.0
440,CC(=O)N/C=C/SC1=C(C(=O)O)N2C(=O)/C(=C(\C)CO)C2C1,1.0
450,COc1c(C)c(O)c2c(c1O)C1COC3C4CC5C(N4)C(C2N2CCOC52)N13,1.0
997,O=C1C=CC(=O)C=2C(O)=C3C(=C(O)C12)C=4C(O)=CC(=CC4CC3O)C,0.0
339,C/C(O)=N\C1C(CO)OC(OC(C(O)CN)C(N)C(O)CO)C(O)C1O,1.0
124,Cc1cc(O)cc2c1C1OC(C)(Cc3cc4c(c(O)c31)C(=O)c1c(O)cc(O)cc1C4(C)C)O2,1.0
85,CC/C(=C/C=C/C1C=CC2C(CC)CCC2C1C(=O)c1ccc[nH]1)C1OC(C(C)C(=O)O)CCC1C,1.0
859,O=C1C=2C=C(OC(O)C2C(=O)C3=C(O)C=C(OC)C(O)=C13)C,0.0
918,O=C1C=C(OC=2C=3C(=O)C=4C(O)=C(C=C(C4C(=O)C3C=C(C12)C)C5OC(C)C(O)C(N(C)C)C5)C6OC(C)C(O)C(N(C)C)(C)C6)C(C)CC=CC,0.0
30,CCCCCCC(=O)CCCCCC/C=C/CC(O)C(O)C(N)(CO)C(=O)O,1.0
509,NC(Cc1c[nH]oc1=O)C(=O)O,1.0
500,CCC1OC(=O)C(C)C(=O)C(C)C(OC2OC(C)CC(N(C)C)C2O)C(C)CC(C)C(=O)/C=C\C1(C)O,1.0
407,NC1C(=O)NC2Cc3ccc(c(Cl)c3)Oc3cc4cc(c3O)Oc3ccc(cc3Cl)C(O)C3NC(=O)C(NC(=O)C4NC(=O)C(NC2=O)c2cc(O)cc(c2)Oc2cc1ccc2O)c1cc(Cl)c(O)c(c1)C1C(O)=CC(O)=CC1C(C(=O)O)NC3=O,1.0
95,CC12CCCC3(C)C4=CC(=O)OC(O)C4=CC(OC1=O)C23,1.0
373,CCC(C)C1NC(=O)C2CCCN2C(=O)C(Cc2ccccc2)N(C)C(=O)C(Cc2ccccc2)NC(=O)C(C(C)C)N(C)C(=O)C(C(C)CC)OC(=O)C(C(C)C)N(C)C(=O)C(CC(C)C)NC(=O)C(C(C)C)N(C)C1=O,1.0
360,COC1Cc2c(cc3c(c2O)C(=O)c2c(O)cccc2C3=O)C(=O)C1(C)O,1.0
354,NC(CCOc1ccc(C(NC=O)C(=O)NC2CN(C(C(=O)O)c3ccc(OC4OC(C(=O)O)C(O)C(O)C4O)cc3)C2=O)cc1)C(=O)O,1.0
650,OC1(C)CCC=C(C)CC2OC1C3C2C(=CCC3C(C)C)C,0.0
829,O=C(O)C(N)(CO)C(O)C(O)CC=CCCCCCCC(=O)CCCCCC,0.0
233,C=C1OC(=O)C(C(=O)CCCC/C=C/CCCCCCC)=C1O,1.0
825,O=C(O)CC1(O)CNC2(C)CC(N)NC(C2)C3(C=4C=CC=C(C4)CC5C(C=CC6CN7C(C)C(O)CC(N8C=NC=C8)C7CC65O)CCC9%10CCCC%10C=%11NC=CC%11C1C9)CCCCC3,0.0
894,O=CCS(=O)(=O)O,0.0
834,O=CC1=C(O)C(=C(O)C=C1C(=CCCC)C)CC,0.0
484,CNC(CC(C)C)/C(O)=N/C1/C(O)=N/C(CC(=N)O)/C(O)=N/C2/C(O)=N/C3/C(O)=N/C(/C(O)=N\C(C(=O)O)c4cc(O)cc(O)c4-c4cc3ccc4O)C(OC3CC(C)(N)C(O)C(C)O3)c3ccc(cc3)Oc3cc2cc(c3OC2OC(CO)C(O)C(O)C2OC2CC(C)(N)C(O)C(C)O2)Oc2ccc(cc2)C1O,1.0
976,O=C1C=C(C2=C3C(=C1)CCC45C(=O)OC6C(OC2C6C34)C5C)C,0.0
940,OC1=CC=C2C=C1OCC3=CC=C(C4=CN(C=C43)C5=NC(N)=CC=6C#CC(C)CCCC(OCC65)CC(O)CC2)CC,0.0
553,O=C(O)C=CCCCCCCC,0.0
505,CCCC1C=CC2/C=C(/C)C(OC3CC(N(C)C)C(NC(=O)c4c(O)ccc(Cl)c4C)C(C)O3)C/C=C\C3C(CC)=CC4C(O)C(O)CC(C)C4C3(C)C(=O)C3=C(O)C2(C1)OC3=O,1.0
654,O=C1C=C(OC2=C1C=C3C=4OC56CC7C8CNC(=O)C98CCC(CC#CC%107CC%11C(NCCC%11CC#CC(OOC5C3)C(O)(CC%12=CC=C(O)C%13=CC=C(O)C=C%13%12)C(O)C(O)C(O)CO)C6C%10)C(CCCC%14=CC=%15C(=CN(C24)C%15CC)N%14)C9)C,0.0
375,C/C(=C\C(C)C1OC2(CCC(C)(C3CC(OC4CCC(O)C(C)O4)C(C)C4(OC(C5OC(O)(CO)C(C)CC5C)CC4C)O3)O2)CC(O)C1C)C(=O)C(C)CC(C)C(=O)O,1.0
949,O=CC1=C(O)C=C2NC(=O)C(=CC=CC(OC)C(OC(=O)N)C(=CC(C)C(OC)C(OC)CC(C)CC1=C2O)C)C,0.0
162,CNC(=O)CC1NC(=O)C2CSC(=N2)c2ccc(-c3nc(C(=O)OCC4NC(=O)C5CCCN5C4=O)cs3)nc2-c2csc(n2)-c2csc(n2)C(C(C)C)NC(=O)CNC(=O)c2csc(n2)C(C(C)C)NC(=O)c2nc1sc2C,1.0
749,OCC1OC(N2C=NC3=C2NC=NCC3O)CC1O,0.0
941,O=C1OC2C3=C(C)CCCC3(C)CCC2C1C,0.0
207,N#Cc1cn(C2OC(CO)C(O)C2O)c2ncnc(N)c12,1.0
496,CCCCC/C=C/C=C/C(=O)OC1C(O)CC(c2ccc3c(c2O)C(=O)C2=C(C3=O)C3(O)C(=O)C=C(C)CC3(O)C=C2)OC1C,1.0
629,O=C(O)C(Br)=C(Br)Br,0.0
502,CC(O)C1C(=O)N2C(C(=O)O)=C(SCC/N=C(\O)CC/N=C(\O)C(O)C(C)(C)CO)CC12,1.0
256,COC1CC(OC2C(O)C(C3(O)CC(=O)C(N)=C(C(=O)O)C3=O)OC(COC(C)=O)C2OC(=O)C(NC(=S)SCC(NC(C)=O)C(=O)O)C(C)SCC(NC(C)=O)C(=O)O)OC(C)C1(O)C(C)OC(=O)C(C)C,1.0
844,OCC1CC(N)C(O)CC1O,0.0
637,OCC=CCCC,0.0
419,O=CN/C=C/c1cc(O)ccc1O,1.0
751,O=CC=1OC(=CC1)COC(OC)C=2OC(=CC2)COC(OC)C=3OC(=CC3)CO,0.0
799,O=C(N)C(N=[N+]([O-])CCCCCCCC)COC,0.0
322,COC(=O)C1C(O)C(C)C(O)C(C)/C=C\C=C(\C)C(=O)Nc2c(C)c(OC(C)=O)c3c(c2O)C(=O)C(C)=C2OCOC(=C23)/C(C)=C\C(C)(O)C(O)C(C)C1O,1.0
364,Oc1ccc(O)c2c1C(O)CCC21Oc2cccc3cccc(c23)O1,1.0
445,CC(=O)N/C=C/SC1=C(C(=O)O)N2C(=O)C(C(C)C)C2C1,1.0
72,C=C(C)C1C(=O)OC(C(C)CC)C(=O)N(C)C(C(C)C)C(=O)NC(Cc2ccccc2)C(=O)N(C)C(Cc2ccccc2)C(=O)N2CCCC2C(=O)NC(C(C)CC)C(=O)N(C)C(C(C)C)C(=O)NC(CC(C)C)C(=O)N1C,1.0
852,O=C1C=2C(O)=CC=CC2OC=3C1=C(O)C=C4OC5OCCC5C43,0.0
409,OC(C1CO1)C(O)C(O)C(O)C(O)C1CO1,1.0
598,O=C1OCC(CC2=CC(OC)=C(OC)C(OC)=C2)C1CC3=CC(OC)=C(OC)C(OC)=C3,0.0
792,OC1CCC2(C)C3CCC4C5(COC6(OC(C=C(C)C)CC(O)(C)C46C)C5)C3CCC2C1(C)C,0.0
910,O=C1C=C2C(C3=CC=4OC5(C6=CC=C7C(C6=CC(=O)C5(O)OC4C(=C13)C)(C)CCC8(C)C9CC(C(=O)OC)(C)CCC9(C)CCC78C)C)(C)CCC%10(C)C%11CC(C(=O)OC)(C)CCC%11(C)CCC2%10C,0.0
80,O=CN(O)CCCP(=O)(O)O,1.0
14,CCC1(O)CC(OC2CC(N)C(O)C(C)O2)c2c(O)c3c(c(O)c2C1O)C(=O)c1cccc(O)c1C3=O,1.0
639,O=C1C=C2C3(O)CCC4C(O)(C)C(O)C5OC6C(O)NC(C(=O)N7CC7CC#CC2(CCC43C8CCCCC8)C9(C)CCC(OCCCOC)CC19)CC6C5C,0.0
396,CCC(=O)OC1C(C)OC(OC2C(C)OC(OC3C(CC=O)CC(C)C(O)/C=C\C=C\CC(C)OC(=O)CC(OC(C)=O)C3OC)C(O)C2N(C)C)CC1(C)O,1.0
962,O=C(NC(C(=O)NC1CCCCC1NC(=O)C(NC(=O)C)CC)C(=O)CCS)C,0.0
706,O=C1OC(C(=O)NC(C(=O)N2CCCC2C(=O)N(C)C(C(=O)OC(C)C(NC(=O)C(N(C(=O)C3N(C(=O)C(O)C)CCC3)C)CC(C)C)C(=O)NC(C(O)C1)C(C)CC)CC4=CC=C(OC)C=C4)CC(C)C)C(C)C,0.0
73,CO/C(COC1OC(C)C(OC)C(OC)C1O)=C1/OC(Oc2ccc(/C=C(\C)C(=O)NC3C(CO)OC(n4cnc5c(N(C)C)ncnc54)C3O)cc2)C(O)C1O,1.0
808,O=C1C=C2C(O)(CCC3(C)C(CCC23O)C(C=CC(C)C(C)C)C)C4(C1=CC(=O)CC4)C,0.0
292,CC1(C)SC2C(NC(=O)CSCC(N)C(=O)O)C(=O)N2C1C(=O)O,1.0
891,O=C1OC2CC(O)(CCl)C3CC(OC(=O)C)C(=C)C3(O)CC2C1=C,0.0
314,CCC1(O)Cc2c(O)c3c(c(O)c2C(OC2CC(N)C(O)C(C)O2)C1)C(=O)c1c(O)cccc1C3=O,1.0
330,CCC(C(=O)C(C)C(O)C(C)C1OC(O)(C(C)C(=O)O)C(C)CC1C)C1OC(C)(C2(O)OC(CC)(C(O)CC)CC2C)CC1C,1.0
36,CCC1OC(/C(C)=C/C(C)/C=C/C2C(C)C2/C=C/C2OC(CC(=O)O)CC(O)C2O)CC=C1C,1.0
346,COC(=O)C1C(O)C(C)C(O)C(C)/C=C\C=C(\C)C(=O)NC2=C(SC)C(=O)c3c(c(O)c(C)c(OC)c3C(=O)/C(C)=C\C(C)C(O)C(C)C1O)C2=O,1.0
904,O=C(C1=C(O)C=C(OC)C2=C1OC3(C=CC(CC3)C(C)C)C2)CCC=4C=CC=CC4,0.0
195,COc1cccc2c1NC(OC)C1CC(/C=C/C(=O)N(C)C)=CN1C2=O,1.0
